,Store,Department,RMSE,Accuracy
0,1,1,7734.1,0.62
1,1,2,2198.34,0.9526
2,1,3,6342.62,0.5807
3,1,4,3439.23,0.9097
4,1,5,4085.52,0.7972
5,1,6,2204.49,0.394
6,1,7,3936.07,0.8148
7,1,8,2766.32,0.9278
8,1,9,4969.23,0.844
9,1,10,3624.21,0.8863
10,1,11,6007.51,0.765
11,1,12,1416.91,0.8716
12,1,13,3869.31,0.9041
13,1,14,2022.57,0.8531
14,1,16,5315.59,0.822
15,1,17,856.08,0.8931
16,1,18,error,error
17,1,19,399.21,0.6445
18,1,20,error,error
19,1,21,1123.33,0.8465
20,1,22,1188.99,0.8283
21,1,23,3071.02,0.8523
22,1,24,2159.02,0.6508
23,1,25,1179.64,0.885
24,1,26,1551.69,0.7492
25,1,27,229.61,0.8023
26,1,28,103.8,0.758
27,1,29,1175.0,0.6938
28,1,30,497.14,0.8358
29,1,31,1026.66,0.5253
30,1,32,2356.83,0.6411
31,1,33,2052.74,0.6611
32,1,34,1705.3,0.8627
33,1,35,552.81,0.7587
34,1,36,4631.82,-1.8379
35,1,37,error,error
36,1,38,10342.61,0.864
37,1,40,3967.35,0.932
38,1,41,278.22,0.6187
39,1,42,998.53,0.875
40,1,44,error,error
41,1,45,error,error
42,1,46,1417.13,0.9263
43,1,47,error,error
44,1,48,error,error
45,1,49,2061.16,0.8054
46,1,51,error,error
47,1,52,516.46,0.7401
48,1,54,error,error
49,1,55,1317.54,0.8603
50,1,56,1371.07,0.6681
51,1,58,6949.32,-1.1438
52,1,59,910.13,-4.1211
53,1,60,154.4,0.8363
54,1,67,3087.61,0.5798
55,1,71,1300.3,0.4642
56,1,72,13758.31,0.6648
57,1,74,1363.02,0.8822
58,1,77,error,error
59,1,78,error,error
60,1,79,error,error
61,1,80,6573.77,0.665
62,1,81,1450.27,0.9538
63,1,82,1483.63,0.9262
64,1,83,1263.63,0.7874
65,1,85,780.2,0.759
66,1,87,28436.6,0.4506
67,1,90,4668.1,0.9467
68,1,91,3488.94,0.9479
69,1,92,error,error
70,1,93,error,error
71,1,94,6937.1,0.8924
72,1,95,6321.19,0.951
73,1,96,error,error
74,1,97,12466.35,0.6624
75,1,98,1326.39,0.8892
76,1,99,error,error
77,1,39,error,error
78,1,50,error,error
79,1,43,error,error
80,1,65,error,error
81,2,1,12557.62,0.5637
82,2,2,error,error
83,2,3,6865.43,0.6473
84,2,4,2453.39,0.9464
85,2,5,9886.04,0.5724
86,2,6,error,error
87,2,7,6071.18,0.831
88,2,8,4772.42,0.9209
89,2,9,4418.14,0.8802
90,2,10,3801.32,0.9026
91,2,11,4330.35,0.8104
92,2,12,634.43,0.9229
93,2,13,2461.99,0.9469
94,2,14,2555.92,0.8673
95,2,16,5960.23,0.8203
96,2,17,1412.77,0.8934
97,2,18,error,error
98,2,19,2555.76,0.277
99,2,20,792.21,0.8619
100,2,21,971.69,0.8837
101,2,22,3899.39,0.6598
102,2,23,3499.98,0.8751
103,2,24,3324.36,0.5611
104,2,25,1971.75,0.8635
105,2,26,1713.01,0.7874
106,2,27,257.42,0.8164
107,2,28,83.45,0.8432
108,2,29,621.58,0.8981
109,2,30,523.98,0.8825
110,2,31,error,error
111,2,32,2869.82,0.7143
112,2,33,2030.85,0.6933
113,2,34,2583.91,0.8568
114,2,35,879.35,0.7633
115,2,36,error,error
116,2,37,513.83,0.8849
117,2,38,9388.93,0.8724
118,2,40,4598.63,0.9411
119,2,41,1306.57,0.4906
120,2,42,812.18,0.9101
121,2,44,1434.9,0.8006
122,2,45,error,error
123,2,46,1730.12,0.9409
124,2,47,error,error
125,2,48,error,error
126,2,49,3578.21,0.7685
127,2,51,error,error
128,2,52,1130.48,0.6892
129,2,54,error,error
130,2,55,1599.03,0.8157
131,2,56,2765.27,0.5072
132,2,58,14246.54,0.2944
133,2,59,294.27,0.1401
134,2,60,error,error
135,2,67,4222.54,0.6407
136,2,71,1098.51,0.7568
137,2,72,12070.86,0.8029
138,2,74,1400.64,0.9132
139,2,77,error,error
140,2,78,error,error
141,2,79,3689.06,0.884
142,2,80,1537.84,0.9408
143,2,81,1922.83,0.9394
144,2,82,error,error
145,2,83,666.07,0.887
146,2,85,622.02,0.7929
147,2,87,5842.01,0.7591
148,2,90,4152.03,0.9582
149,2,91,2470.18,0.9696
150,2,92,8431.22,0.9501
151,2,93,6477.71,0.9156
152,2,94,5702.61,0.9226
153,2,95,5549.76,0.9632
154,2,96,error,error
155,2,97,error,error
156,2,98,1377.35,0.8962
157,2,99,error,error
158,2,39,error,error
159,2,50,error,error
160,2,43,error,error
161,2,65,error,error
162,3,1,2988.93,0.6377
163,3,2,1079.97,0.944
164,3,3,2352.47,0.6662
165,3,4,869.86,0.9064
166,3,5,4993.0,0.6213
167,3,6,22454.71,-11.6642
168,3,7,error,error
169,3,8,596.85,0.9322
170,3,9,2332.12,0.7958
171,3,10,8421.86,0.3692
172,3,11,3104.55,0.7464
173,3,12,452.17,0.8349
174,3,13,843.59,0.9316
175,3,14,792.41,0.8347
176,3,16,5270.69,0.4567
177,3,17,470.48,0.8126
178,3,18,error,error
179,3,19,476.98,0.1995
180,3,20,977.06,0.5335
181,3,21,312.5,0.7763
182,3,22,617.69,0.8305
183,3,23,1714.36,0.8759
184,3,24,1475.21,0.4966
185,3,25,769.1,0.8449
186,3,26,1183.76,0.5289
187,3,27,662.76,-0.4502
188,3,28,42.15,0.6452
189,3,29,346.95,0.7374
190,3,30,806.07,0.4457
191,3,31,351.2,0.6274
192,3,32,error,error
193,3,33,1044.95,0.7087
194,3,34,736.42,0.8449
195,3,35,error,error
196,3,36,288.79,0.3895
197,3,37,error,error
198,3,38,14681.06,0.8364
199,3,40,1248.04,0.9357
200,3,41,305.86,0.2421
201,3,42,1482.06,0.7101
202,3,44,600.49,0.7561
203,3,45,error,error
204,3,46,1472.79,0.7628
205,3,47,error,error
206,3,48,error,error
207,3,49,error,error
208,3,51,error,error
209,3,52,266.08,0.7404
210,3,54,error,error
211,3,55,8699.51,-0.2042
212,3,56,802.89,0.5135
213,3,58,error,error
214,3,59,error,error
215,3,60,50.22,0.6426
216,3,67,791.54,0.5971
217,3,71,626.99,0.5569
218,3,72,47487.34,-0.8242
219,3,74,590.98,0.8411
220,3,77,error,error
221,3,78,error,error
222,3,79,error,error
223,3,80,error,error
224,3,81,288.56,0.8462
225,3,82,2612.24,0.6661
226,3,83,error,error
227,3,85,350.39,0.516
228,3,87,3599.27,-1.7633
229,3,90,169.1,0.9043
230,3,91,255.15,0.4832
231,3,92,940.44,0.8964
232,3,93,error,error
233,3,94,error,error
234,3,95,2206.1,0.8896
235,3,96,error,error
236,3,97,error,error
237,3,98,error,error
238,3,99,error,error
239,3,39,error,error
240,3,50,error,error
241,3,43,error,error
242,3,65,error,error
243,4,1,15043.13,0.5723
244,4,2,6111.1,0.9384
245,4,3,4252.62,0.8138
246,4,4,2947.97,0.9501
247,4,5,8590.02,0.7662
248,4,6,error,error
249,4,7,7632.69,0.8453
250,4,8,error,error
251,4,9,5322.95,0.8714
252,4,10,5062.78,0.8758
253,4,11,5852.06,0.7831
254,4,12,983.35,0.8824
255,4,13,3732.86,0.9491
256,4,14,2303.57,0.9164
257,4,16,5423.38,0.8024
258,4,17,2451.39,0.8353
259,4,18,error,error
260,4,19,2169.94,0.0649
261,4,20,950.32,0.9016
262,4,21,1212.68,0.8462
263,4,22,1987.14,0.8876
264,4,23,5757.68,0.8789
265,4,24,2335.35,0.7893
266,4,25,2534.87,0.8434
267,4,26,3507.52,0.8087
268,4,27,2579.08,-0.1608
269,4,28,117.64,0.8328
270,4,29,1097.33,0.8852
271,4,30,1083.81,0.8514
272,4,31,1061.43,0.7335
273,4,32,3768.04,0.6971
274,4,33,1979.42,0.8446
275,4,34,3439.72,0.8779
276,4,35,775.74,0.8256
277,4,36,1287.47,0.704
278,4,37,1015.82,0.7089
279,4,38,error,error
280,4,40,error,error
281,4,41,2576.39,-0.8729
282,4,42,2680.98,0.7389
283,4,44,774.05,0.8518
284,4,45,error,error
285,4,46,3182.85,0.9212
286,4,47,error,error
287,4,48,error,error
288,4,49,1411.84,0.7925
289,4,51,error,error
290,4,52,1367.61,0.5671
291,4,54,error,error
292,4,55,1546.62,0.8879
293,4,56,4151.4,0.4603
294,4,58,2850.59,0.1848
295,4,59,19888.22,-43.4381
296,4,60,113.63,0.6856
297,4,67,3325.02,0.7383
298,4,71,1415.36,0.8158
299,4,72,20952.92,0.7702
300,4,74,3643.63,0.8193
301,4,77,error,error
302,4,78,error,error
303,4,79,3496.61,0.9365
304,4,80,3848.84,0.8144
305,4,81,3707.14,0.8884
306,4,82,4284.6,0.8662
307,4,83,1243.65,0.8744
308,4,85,609.03,0.762
309,4,87,error,error
310,4,90,5759.15,0.9379
311,4,91,5422.98,0.921
312,4,92,7384.08,0.9562
313,4,93,14271.45,0.8094
314,4,94,5763.87,0.9243
315,4,95,12994.2,0.9206
316,4,96,5115.7,0.8855
317,4,97,4328.14,0.8961
318,4,98,1177.19,0.9212
319,4,99,error,error
320,4,39,error,error
321,4,50,error,error
322,4,43,error,error
323,4,65,error,error
324,5,1,2549.16,0.7513
325,5,2,1721.53,0.8633
326,5,3,2472.86,0.4483
327,5,4,630.03,0.9375
328,5,5,error,error
329,5,6,error,error
330,5,7,1227.79,0.7884
331,5,8,894.74,0.9385
332,5,9,1120.36,0.8804
333,5,10,1585.75,0.8489
334,5,11,1355.81,0.8271
335,5,12,363.27,0.8736
336,5,13,2891.55,0.7482
337,5,14,791.2,0.761
338,5,16,1989.52,0.789
339,5,17,374.94,0.8413
340,5,18,error,error
341,5,19,error,error
342,5,20,368.81,0.6934
343,5,21,304.31,0.7437
344,5,22,540.48,0.7555
345,5,23,943.1,0.8494
346,5,24,686.65,0.5294
347,5,25,801.27,0.7298
348,5,26,530.83,0.6473
349,5,27,124.56,0.6445
350,5,28,50.51,0.6717
351,5,29,222.5,0.7701
352,5,30,163.08,0.8168
353,5,31,309.77,0.5454
354,5,32,821.62,0.6385
355,5,33,453.95,0.7245
356,5,34,575.46,0.8531
357,5,35,344.37,0.6042
358,5,36,303.8,0.5122
359,5,37,error,error
360,5,38,9407.56,0.8433
361,5,40,1020.0,0.9479
362,5,41,error,error
363,5,42,482.18,0.8432
364,5,44,447.82,0.6543
365,5,45,error,error
366,5,46,364.19,0.923
367,5,47,error,error
368,5,48,error,error
369,5,49,error,error
370,5,51,error,error
371,5,52,222.9,0.4949
372,5,54,error,error
373,5,55,763.01,0.7482
374,5,56,error,error
375,5,58,error,error
376,5,59,error,error
377,5,60,91.54,0.6325
378,5,67,1143.76,0.6363
379,5,71,185.15,0.5774
380,5,72,3482.14,0.6491
381,5,74,1172.72,0.6663
382,5,77,error,error
383,5,78,error,error
384,5,79,607.85,0.882
385,5,80,error,error
386,5,81,238.02,0.9234
387,5,82,1217.54,0.6795
388,5,83,error,error
389,5,85,error,error
390,5,87,1479.77,0.8686
391,5,90,364.12,0.8897
392,5,91,30471.25,-17.0759
393,5,92,1789.18,0.7885
394,5,93,error,error
395,5,94,error,error
396,5,95,1558.85,0.9269
397,5,96,1755.39,0.7816
398,5,97,error,error
399,5,98,error,error
400,5,99,error,error
401,5,39,error,error
402,5,50,error,error
403,5,43,error,error
404,5,65,error,error
405,6,1,9136.4,0.5868
406,6,2,7344.72,0.8595
407,6,3,6290.35,0.6695
408,6,4,2005.04,0.9432
409,6,5,error,error
410,6,6,2728.08,0.5017
411,6,7,5127.44,0.8274
412,6,8,2032.19,0.9588
413,6,9,5343.34,0.8997
414,6,10,3238.65,0.9362
415,6,11,2915.41,0.8654
416,6,12,835.49,0.878
417,6,13,1793.32,0.9531
418,6,14,2503.05,0.8974
419,6,16,error,error
420,6,17,1537.33,0.9006
421,6,18,error,error
422,6,19,2029.03,0.3449
423,6,20,1367.47,0.8595
424,6,21,1283.67,0.8374
425,6,22,6722.67,0.6149
426,6,23,3216.87,0.8941
427,6,24,error,error
428,6,25,1744.47,0.8678
429,6,26,1753.26,0.7923
430,6,27,246.69,0.8263
431,6,28,132.07,0.6783
432,6,29,636.45,0.8951
433,6,30,813.98,0.8278
434,6,31,925.68,0.7349
435,6,32,2551.16,0.7448
436,6,33,2125.7,0.6935
437,6,34,2896.71,0.8474
438,6,35,705.62,0.8063
439,6,36,error,error
440,6,37,485.49,0.8745
441,6,38,15045.36,0.791
442,6,40,2646.09,0.9605
443,6,41,31359.08,-10.5945
444,6,42,1520.28,0.8504
445,6,44,1489.61,0.8277
446,6,45,error,error
447,6,46,1602.97,0.9406
448,6,47,error,error
449,6,48,error,error
450,6,49,2413.76,0.8008
451,6,51,error,error
452,6,52,727.91,0.8205
453,6,54,error,error
454,6,55,3148.21,0.6888
455,6,56,4589.82,0.1755
456,6,58,1871.03,0.378
457,6,59,173.58,0.2553
458,6,60,error,error
459,6,67,3476.56,0.6902
460,6,71,1020.73,0.8018
461,6,72,7131.51,0.9012
462,6,74,2058.66,0.9065
463,6,77,error,error
464,6,78,error,error
465,6,79,2190.12,0.9116
466,6,80,1069.35,0.926
467,6,81,1239.92,0.9212
468,6,82,3221.86,0.8356
469,6,83,638.62,0.836
470,6,85,1043.95,0.5255
471,6,87,4940.35,0.8936
472,6,90,3271.46,0.9387
473,6,91,2120.19,0.9532
474,6,92,5182.93,0.9482
475,6,93,3734.52,0.9151
476,6,94,5640.43,0.872
477,6,95,5749.35,0.9393
478,6,96,3116.68,0.9063
479,6,97,1618.66,0.9236
480,6,98,1254.57,0.876
481,6,99,error,error
482,6,39,error,error
483,6,50,error,error
484,6,43,error,error
485,6,65,error,error
486,7,1,2347.56,0.7325
487,7,2,1398.17,0.9404
488,7,3,1187.03,0.8773
489,7,4,2923.75,0.8148
490,7,5,2637.21,0.749
491,7,6,1098.58,0.7723
492,7,7,1816.96,0.8203
493,7,8,2403.64,0.8357
494,7,9,5774.39,0.86
495,7,10,1987.85,0.8961
496,7,11,3951.07,0.7137
497,7,12,1825.12,0.7069
498,7,13,750.93,0.9521
499,7,14,1005.84,0.8968
500,7,16,5089.11,0.7494
501,7,17,1348.63,0.7247
502,7,18,error,error
503,7,19,error,error
504,7,20,1345.55,0.5987
505,7,21,577.44,0.7229
506,7,22,1361.51,0.8009
507,7,23,4394.52,0.6756
508,7,24,500.2,0.7834
509,7,25,1447.2,0.7142
510,7,26,606.14,0.6826
511,7,27,218.67,0.7012
512,7,28,1164.46,-5.3541
513,7,29,338.45,0.7238
514,7,30,251.41,0.7879
515,7,31,923.62,0.3771
516,7,32,821.25,0.7955
517,7,33,874.43,0.6279
518,7,34,1096.0,0.7587
519,7,35,95.68,0.4849
520,7,36,751.33,0.4574
521,7,37,error,error
522,7,38,4409.85,0.8565
523,7,40,1748.81,0.9431
524,7,41,2212.47,-0.1482
525,7,42,1695.89,0.753
526,7,44,599.27,0.8253
527,7,45,error,error
528,7,46,1773.55,0.8875
529,7,47,error,error
530,7,48,error,error
531,7,49,error,error
532,7,51,error,error
533,7,52,841.76,0.2298
534,7,54,error,error
535,7,55,error,error
536,7,56,40323.4,-2.6134
537,7,58,error,error
538,7,59,error,error
539,7,60,37.9,0.6115
540,7,67,1070.88,0.7368
541,7,71,561.92,0.7416
542,7,72,5780.81,0.8542
543,7,74,1152.25,0.8891
544,7,77,error,error
545,7,78,error,error
546,7,79,644.61,0.89
547,7,80,error,error
548,7,81,795.52,0.881
549,7,82,1589.89,0.8267
550,7,83,error,error
551,7,85,1060.13,0.4493
552,7,87,11868.54,0.0774
553,7,90,15172.89,-0.0196
554,7,91,36824.23,-2.4888
555,7,92,5913.21,0.7849
556,7,93,542.78,0.6829
557,7,94,error,error
558,7,95,10817.12,0.7132
559,7,96,977.15,0.1348
560,7,97,1503.6,0.6869
561,7,98,error,error
562,7,99,error,error
563,7,39,error,error
564,7,50,error,error
565,7,43,error,error
566,7,65,error,error
567,8,1,6263.28,0.5158
568,8,2,10789.55,0.6975
569,8,3,error,error
570,8,4,1114.54,0.9492
571,8,5,3258.04,0.8016
572,8,6,953.11,0.6473
573,8,7,3781.54,0.8009
574,8,8,1551.35,0.9451
575,8,9,error,error
576,8,10,2406.32,0.8862
577,8,11,3727.39,0.7974
578,8,12,1193.22,0.8521
579,8,13,1506.33,0.9411
580,8,14,1604.37,0.8325
581,8,16,4493.19,0.8026
582,8,17,886.93,0.8669
583,8,18,error,error
584,8,19,495.21,0.0932
585,8,20,1696.88,0.5795
586,8,21,422.36,0.8876
587,8,22,1322.61,0.8032
588,8,23,2041.77,0.8568
589,8,24,1715.16,0.6219
590,8,25,2152.42,0.6682
591,8,26,1109.19,0.7778
592,8,27,343.24,0.5221
593,8,28,76.75,0.6769
594,8,29,405.35,0.8306
595,8,30,385.61,0.8262
596,8,31,598.2,0.5906
597,8,32,1866.86,0.6061
598,8,33,1655.73,0.7111
599,8,34,4850.34,0.3922
600,8,35,347.86,0.793
601,8,36,722.28,0.2004
602,8,37,459.47,0.7783
603,8,38,12025.25,0.8063
604,8,40,1837.74,0.9513
605,8,41,91708.09,-73.8102
606,8,42,707.81,0.869
607,8,44,678.43,0.8095
608,8,45,error,error
609,8,46,1549.98,0.9145
610,8,47,error,error
611,8,48,error,error
612,8,49,1065.47,0.5233
613,8,51,error,error
614,8,52,552.81,0.584
615,8,54,error,error
616,8,55,1191.7,0.7754
617,8,56,2610.17,0.6129
618,8,58,error,error
619,8,59,216.12,-0.3847
620,8,60,error,error
621,8,67,2292.24,0.5885
622,8,71,603.43,0.6695
623,8,72,6554.93,0.786
624,8,74,2033.94,0.7697
625,8,77,error,error
626,8,78,error,error
627,8,79,2510.47,0.8871
628,8,80,651.84,0.9311
629,8,81,839.07,0.9349
630,8,82,2223.0,0.8413
631,8,83,646.86,0.7624
632,8,85,390.25,0.803
633,8,87,19935.06,0.1925
634,8,90,2863.98,0.9287
635,8,91,2086.43,0.9345
636,8,92,3695.09,0.9401
637,8,93,2279.71,0.9229
638,8,94,4732.68,0.8232
639,8,95,2916.69,0.9553
640,8,96,error,error
641,8,97,884.68,0.9496
642,8,98,847.0,0.8803
643,8,99,error,error
644,8,39,error,error
645,8,50,error,error
646,8,43,error,error
647,8,65,error,error
648,9,1,4601.78,0.6073
649,9,2,error,error
650,9,3,4783.54,0.4577
651,9,4,958.9,0.9472
652,9,5,4837.29,0.7108
653,9,6,993.99,0.5377
654,9,7,2439.26,0.8153
655,9,8,1832.59,0.9216
656,9,9,2479.55,0.8456
657,9,10,1501.59,0.8975
658,9,11,3527.25,0.7906
659,9,12,1044.15,0.8571
660,9,13,1221.32,0.9476
661,9,14,1562.78,0.7638
662,9,16,error,error
663,9,17,608.12,0.8782
664,9,18,error,error
665,9,19,577.82,0.6035
666,9,20,567.02,0.7947
667,9,21,704.95,0.7962
668,9,22,1711.53,0.6797
669,9,23,1684.14,0.8583
670,9,24,1717.29,0.3365
671,9,25,1624.6,0.6606
672,9,26,1267.55,0.6817
673,9,27,181.36,0.6898
674,9,28,error,error
675,9,29,463.16,0.7495
676,9,30,340.68,0.7904
677,9,31,817.1,0.0873
678,9,32,1835.88,0.527
679,9,33,763.38,0.7387
680,9,34,1238.47,0.7797
681,9,35,368.39,0.7268
682,9,36,error,error
683,9,37,error,error
684,9,38,11735.97,0.841
685,9,40,5931.7,0.7966
686,9,41,843.55,0.1236
687,9,42,833.66,0.7434
688,9,44,517.6,0.8577
689,9,45,error,error
690,9,46,919.86,0.8775
691,9,47,error,error
692,9,48,error,error
693,9,49,error,error
694,9,51,error,error
695,9,52,307.63,0.8198
696,9,54,error,error
697,9,55,981.21,0.8516
698,9,56,error,error
699,9,58,error,error
700,9,59,error,error
701,9,60,error,error
702,9,67,1243.72,0.6563
703,9,71,519.76,0.5368
704,9,72,6124.11,0.7819
705,9,74,1579.25,0.7947
706,9,77,error,error
707,9,78,error,error
708,9,79,1019.09,0.9207
709,9,80,error,error
710,9,81,170.86,0.9355
711,9,82,1587.57,0.8475
712,9,83,error,error
713,9,85,292.49,0.6367
714,9,87,error,error
715,9,90,417.06,0.8728
716,9,91,328.02,0.6937
717,9,92,1343.11,0.9197
718,9,93,error,error
719,9,94,error,error
720,9,95,4393.85,0.8779
721,9,96,1207.71,0.7043
722,9,97,error,error
723,9,98,error,error
724,9,99,error,error
725,9,39,error,error
726,9,50,error,error
727,9,43,error,error
728,9,65,error,error
729,10,1,18340.38,0.472
730,10,2,4584.09,0.9567
731,10,3,10690.61,0.6905
732,10,4,error,error
733,10,5,12096.5,0.7202
734,10,6,2684.63,0.6503
735,10,7,6500.56,0.8632
736,10,8,2973.56,0.9652
737,10,9,error,error
738,10,10,3029.0,0.9393
739,10,11,3201.01,0.9021
740,10,12,747.66,0.921
741,10,13,2802.65,0.9543
742,10,14,3004.93,0.9176
743,10,16,3755.61,0.8921
744,10,17,2130.94,0.9192
745,10,18,error,error
746,10,19,621.42,0.7868
747,10,20,1231.09,0.9213
748,10,21,780.37,0.9126
749,10,22,4439.79,0.8123
750,10,23,5954.35,0.908
751,10,24,4996.34,0.6521
752,10,25,1992.05,0.9025
753,10,26,2533.49,0.8317
754,10,27,438.21,0.8824
755,10,28,177.25,0.8089
756,10,29,1368.79,0.9117
757,10,30,1257.08,0.881
758,10,31,error,error
759,10,32,3024.5,0.837
760,10,33,4729.42,0.6595
761,10,34,3716.1,0.9125
762,10,35,2926.92,0.6742
763,10,36,error,error
764,10,37,454.5,0.8807
765,10,38,36451.96,0.5855
766,10,40,4425.47,0.9544
767,10,41,2164.35,0.8146
768,10,42,904.45,0.9245
769,10,44,787.47,0.9068
770,10,45,error,error
771,10,46,3204.24,0.9414
772,10,47,error,error
773,10,48,1351.21,0.5286
774,10,49,2662.3,0.8668
775,10,51,error,error
776,10,52,1105.92,0.7385
777,10,54,error,error
778,10,55,5016.21,0.6174
779,10,56,879.66,0.322
780,10,58,2013.56,0.5129
781,10,59,660.76,-1.538
782,10,60,error,error
783,10,67,3706.05,0.7014
784,10,71,5234.0,0.6592
785,10,72,error,error
786,10,74,2899.94,0.9274
787,10,77,error,error
788,10,78,error,error
789,10,79,4895.19,0.8623
790,10,80,16541.5,-48.6419
791,10,81,2000.0,0.8052
792,10,82,2585.37,0.8848
793,10,83,error,error
794,10,85,400.06,0.858
795,10,87,2988.69,0.8954
796,10,90,1555.94,0.8922
797,10,91,840.92,0.9314
798,10,92,4254.32,0.9173
799,10,93,257.87,0.7927
800,10,94,error,error
801,10,95,4909.53,0.9319
802,10,96,1287.6,0.8985
803,10,97,297.09,0.9411
804,10,98,error,error
805,10,99,error,error
806,10,39,error,error
807,10,50,error,error
808,10,43,error,error
809,10,65,error,error
810,11,1,10310.93,0.4339
811,11,2,5046.03,0.912
812,11,3,6618.29,0.6771
813,11,4,1622.45,0.9451
814,11,5,6902.65,0.7739
815,11,6,1072.15,0.7132
816,11,7,10012.25,0.6772
817,11,8,1575.0,0.956
818,11,9,2203.11,0.8906
819,11,10,2732.36,0.8897
820,11,11,2771.63,0.8408
821,11,12,566.34,0.8701
822,11,13,2373.77,0.9442
823,11,14,2299.63,0.9016
824,11,16,error,error
825,11,17,1398.32,0.889
826,11,18,error,error
827,11,19,error,error
828,11,20,1333.29,0.8697
829,11,21,807.28,0.889
830,11,22,1754.52,0.8843
831,11,23,3389.96,0.9009
832,11,24,3356.39,0.6126
833,11,25,2893.32,0.7697
834,11,26,2490.07,0.7532
835,11,27,382.05,0.8016
836,11,28,108.96,0.8487
837,11,29,1067.69,0.872
838,11,30,941.39,0.8518
839,11,31,650.75,0.7542
840,11,32,1961.01,0.7905
841,11,33,1958.82,0.7588
842,11,34,3618.72,0.8463
843,11,35,1669.99,0.6399
844,11,36,1057.74,0.6762
845,11,37,416.95,0.8987
846,11,38,9516.69,0.8626
847,11,40,2081.71,0.9618
848,11,41,731.23,0.2943
849,11,42,920.7,0.8624
850,11,44,1110.65,0.8226
851,11,45,error,error
852,11,46,2079.11,0.9265
853,11,47,error,error
854,11,48,error,error
855,11,49,2195.65,0.7386
856,11,51,error,error
857,11,52,1440.62,0.5082
858,11,54,error,error
859,11,55,1257.91,0.8547
860,11,56,1942.35,0.2856
861,11,58,error,error
862,11,59,610.59,-0.7863
863,11,60,error,error
864,11,67,3506.6,0.6392
865,11,71,1521.49,0.8571
866,11,72,11240.01,0.8288
867,11,74,1869.42,0.9153
868,11,77,error,error
869,11,78,error,error
870,11,79,3628.77,0.8859
871,11,80,917.69,0.9367
872,11,81,730.08,0.9452
873,11,82,2713.68,0.8828
874,11,83,410.23,0.8763
875,11,85,363.29,0.7882
876,11,87,2148.87,0.8752
877,11,90,2419.4,0.9513
878,11,91,2475.83,0.9412
879,11,92,5689.31,0.9283
880,11,93,3438.1,0.9
881,11,94,7599.98,0.8118
882,11,95,3738.55,0.9538
883,11,96,1768.41,0.9207
884,11,97,error,error
885,11,98,1498.41,0.8228
886,11,99,error,error
887,11,39,error,error
888,11,50,error,error
889,11,43,error,error
890,11,65,error,error
891,12,1,8783.3,0.4434
892,12,2,6450.53,0.9172
893,12,3,error,error
894,12,4,3238.0,0.8799
895,12,5,error,error
896,12,6,1908.19,0.6032
897,12,7,20632.22,0.3153
898,12,8,2954.06,0.9294
899,12,9,2360.24,0.8877
900,12,10,2547.86,0.8668
901,12,11,5090.67,0.7182
902,12,12,849.82,0.8225
903,12,13,2421.34,0.9477
904,12,14,3245.67,0.8236
905,12,16,3538.87,0.6063
906,12,17,1263.57,0.888
907,12,18,error,error
908,12,19,886.45,0.692
909,12,20,755.16,0.8896
910,12,21,482.32,0.8822
911,12,22,2523.39,0.7211
912,12,23,6445.05,0.8336
913,12,24,1294.05,0.8855
914,12,25,2273.14,0.8874
915,12,26,2230.04,0.828
916,12,27,387.05,0.77
917,12,28,126.78,0.8187
918,12,29,943.21,0.8596
919,12,30,2909.09,0.4887
920,12,31,3762.45,-0.0306
921,12,32,1409.56,0.8369
922,12,33,2368.79,0.7699
923,12,34,3975.12,0.8364
924,12,35,580.93,0.7937
925,12,36,3.3388761856412332e+28,-1.4120920588295723e+25
926,12,37,error,error
927,12,38,12324.66,0.7894
928,12,40,2347.43,0.9526
929,12,41,1659.17,-0.9728
930,12,42,2004.79,0.6999
931,12,44,1896.55,0.724
932,12,45,error,error
933,12,46,2813.3,0.9214
934,12,47,error,error
935,12,48,error,error
936,12,49,error,error
937,12,51,error,error
938,12,52,error,error
939,12,54,error,error
940,12,55,2205.3,0.7705
941,12,56,3984.15,-2.644
942,12,58,error,error
943,12,59,90.5,0.6594
944,12,60,109.62,0.6943
945,12,67,1697.79,0.7247
946,12,71,2498.3,0.6521
947,12,72,error,error
948,12,74,3740.69,0.7732
949,12,77,error,error
950,12,78,error,error
951,12,79,4462.87,0.897
952,12,80,error,error
953,12,81,3946.04,0.4657
954,12,82,1054.53,0.9337
955,12,83,90.97,0.6159
956,12,85,351.08,0.8284
957,12,87,1915.8,0.8539
958,12,90,2870.75,0.7581
959,12,91,794.61,0.8892
960,12,92,11045.4,0.5592
961,12,93,413.85,0.3944
962,12,94,error,error
963,12,95,12478.69,0.7171
964,12,96,error,error
965,12,97,278.05,0.8871
966,12,98,216.11,0.6125
967,12,99,error,error
968,12,39,error,error
969,12,50,error,error
970,12,43,error,error
971,12,65,error,error
972,13,1,30109.52,0.3329
973,13,2,3153.37,0.9596
974,13,3,21681.35,0.2742
975,13,4,2103.77,0.9538
976,13,5,17422.69,0.6123
977,13,6,1868.6,0.6699
978,13,7,8690.95,0.8425
979,13,8,error,error
980,13,9,6686.87,0.861
981,13,10,error,error
982,13,11,2479.91,0.8827
983,13,12,2104.75,0.7548
984,13,13,3190.22,0.935
985,13,14,3651.99,0.8565
986,13,16,22430.48,0.2919
987,13,17,1490.08,0.9049
988,13,18,error,error
989,13,19,965.36,0.7151
990,13,20,1473.69,0.8332
991,13,21,error,error
992,13,22,2050.32,0.8649
993,13,23,3512.24,0.8862
994,13,24,3634.02,0.6542
995,13,25,4186.4,0.7369
996,13,26,1820.42,0.8514
997,13,27,524.9,0.7911
998,13,28,269.59,0.7647
999,13,29,1182.68,0.7972
1000,13,30,612.23,0.8702
1001,13,31,1796.32,0.594
1002,13,32,1677.89,0.8439
1003,13,33,3084.95,0.7112
1004,13,34,5764.25,0.7396
1005,13,35,error,error
1006,13,36,54735.79,-31.2624
1007,13,37,448.02,0.8651
1008,13,38,7333.9,0.9178
1009,13,40,3161.82,0.9603
1010,13,41,22965.75,-8.9363
1011,13,42,1082.43,0.8733
1012,13,44,845.12,0.9108
1013,13,45,error,error
1014,13,46,1992.67,0.9541
1015,13,47,error,error
1016,13,48,error,error
1017,13,49,1710.94,0.8064
1018,13,51,error,error
1019,13,52,638.36,0.8318
1020,13,54,error,error
1021,13,55,2351.48,0.8183
1022,13,56,11100.85,-0.1555
1023,13,58,4050.3,0.5237
1024,13,59,159.7,0.5923
1025,13,60,213.93,0.7569
1026,13,67,5101.87,0.6957
1027,13,71,1655.48,0.8182
1028,13,72,7881.83,0.8805
1029,13,74,2131.08,0.9292
1030,13,77,error,error
1031,13,78,error,error
1032,13,79,4601.2,0.9142
1033,13,80,1090.46,0.9458
1034,13,81,1700.29,0.9526
1035,13,82,3033.78,0.907
1036,13,83,917.68,0.808
1037,13,85,683.01,0.8392
1038,13,87,3675.29,0.7945
1039,13,90,7183.82,0.9407
1040,13,91,3846.78,0.9538
1041,13,92,8466.08,0.9511
1042,13,93,3426.13,0.9369
1043,13,94,12409.63,0.8504
1044,13,95,6545.36,0.9563
1045,13,96,1458.5,0.8555
1046,13,97,1830.63,0.9385
1047,13,98,1527.22,0.8946
1048,13,99,error,error
1049,13,39,error,error
1050,13,50,551.64,0.7375
1051,13,43,error,error
1052,13,65,error,error
1053,14,1,45670.27,-0.6267
1054,14,2,9208.66,0.8678
1055,14,3,7737.11,0.6019
1056,14,4,16645.91,0.6479
1057,14,5,12194.32,0.4457
1058,14,6,1396.5,0.6568
1059,14,7,error,error
1060,14,8,11342.32,0.765
1061,14,9,5495.59,0.7579
1062,14,10,3768.29,0.7946
1063,14,11,6553.47,0.6506
1064,14,12,2891.52,0.4466
1065,14,13,14923.82,0.7226
1066,14,14,5441.03,0.7344
1067,14,16,11674.68,0.6518
1068,14,17,2376.77,0.8758
1069,14,18,error,error
1070,14,19,error,error
1071,14,20,3182.25,0.6893
1072,14,21,1676.55,0.7747
1073,14,22,3101.78,0.7967
1074,14,23,11425.18,0.6543
1075,14,24,3199.07,0.6192
1076,14,25,8891.66,0.3209
1077,14,26,3349.7,0.6789
1078,14,27,610.73,0.695
1079,14,28,230.98,0.7582
1080,14,29,2409.31,0.6907
1081,14,30,740.06,0.8741
1082,14,31,3363.5,0.0244
1083,14,32,4166.04,0.578
1084,14,33,1756.17,0.794
1085,14,34,9131.22,0.6375
1086,14,35,1382.85,0.6498
1087,14,36,1497.53,0.6057
1088,14,37,error,error
1089,14,38,16136.19,0.8217
1090,14,40,22662.97,0.6745
1091,14,41,1030.18,0.7117
1092,14,42,3855.93,0.4788
1093,14,44,1338.9,0.7114
1094,14,45,error,error
1095,14,46,7763.29,0.7497
1096,14,47,error,error
1097,14,48,error,error
1098,14,49,2654.68,0.7694
1099,14,51,error,error
1100,14,52,516.68,0.7665
1101,14,54,error,error
1102,14,55,6731.7,0.2942
1103,14,56,26404.38,-3.1236
1104,14,58,5843.77,0.4522
1105,14,59,114.42,0.6041
1106,14,60,126.54,0.6312
1107,14,67,5962.21,0.5574
1108,14,71,4233.1,0.4883
1109,14,72,45416.81,0.3436
1110,14,74,3808.72,0.8215
1111,14,77,error,error
1112,14,78,error,error
1113,14,79,5495.66,0.8394
1114,14,80,3517.07,0.8897
1115,14,81,6640.92,0.8089
1116,14,82,8415.55,0.63
1117,14,83,1233.4,0.8665
1118,14,85,460.74,0.7602
1119,14,87,2767.41,0.8428
1120,14,90,15829.72,0.8313
1121,14,91,18095.28,0.7685
1122,14,92,36370.32,0.7761
1123,14,93,7836.72,0.8556
1124,14,94,10749.08,0.8073
1125,14,95,23696.24,0.8116
1126,14,96,error,error
1127,14,97,4247.61,0.8087
1128,14,98,3882.91,0.7472
1129,14,99,error,error
1130,14,39,error,error
1131,14,50,556.19,0.7171
1132,14,43,error,error
1133,14,65,error,error
1134,15,1,6235.92,0.5098
1135,15,2,3437.26,0.8634
1136,15,3,1690.62,0.8491
1137,15,4,1151.84,0.9131
1138,15,5,4810.33,0.5742
1139,15,6,1451.76,0.4552
1140,15,7,3586.64,0.802
1141,15,8,1052.63,0.9484
1142,15,9,2571.18,0.8643
1143,15,10,4755.38,0.5914
1144,15,11,6873.87,0.5712
1145,15,12,770.63,0.8117
1146,15,13,1103.1,0.9407
1147,15,14,1840.07,0.8312
1148,15,16,27043.63,-0.3853
1149,15,17,1163.06,0.8835
1150,15,18,error,error
1151,15,19,272.9,0.7482
1152,15,20,471.86,0.894
1153,15,21,452.93,0.8446
1154,15,22,1096.56,0.8611
1155,15,23,5862.57,0.7142
1156,15,24,927.71,0.7965
1157,15,25,4317.62,0.4872
1158,15,26,1483.94,0.6642
1159,15,27,279.55,0.7852
1160,15,28,79.29,0.8559
1161,15,29,error,error
1162,15,30,661.47,0.7964
1163,15,31,694.64,0.6635
1164,15,32,2070.76,0.5307
1165,15,33,1130.98,0.7314
1166,15,34,3633.92,0.7225
1167,15,35,748.21,0.6839
1168,15,36,2820.88,-1.3266
1169,15,37,error,error
1170,15,38,7053.72,0.8618
1171,15,40,1914.38,0.9371
1172,15,41,39509.05,-28.4899
1173,15,42,830.39,0.7838
1174,15,44,608.81,0.8115
1175,15,45,error,error
1176,15,46,1176.2,0.9015
1177,15,47,error,error
1178,15,48,error,error
1179,15,49,2576.2,0.7378
1180,15,51,error,error
1181,15,52,405.77,0.7101
1182,15,54,error,error
1183,15,55,1271.24,0.682
1184,15,56,error,error
1185,15,58,error,error
1186,15,59,49.92,0.5278
1187,15,60,error,error
1188,15,67,1745.44,0.6948
1189,15,71,error,error
1190,15,72,7376.46,0.7538
1191,15,74,1242.29,0.9083
1192,15,77,error,error
1193,15,78,error,error
1194,15,79,1114.82,0.861
1195,15,80,error,error
1196,15,81,445.49,0.8939
1197,15,82,5328.37,0.4627
1198,15,83,154.09,0.3672
1199,15,85,521.37,0.8185
1200,15,87,1131.37,0.8879
1201,15,90,352.06,0.9306
1202,15,91,274.09,0.9181
1203,15,92,1152.73,0.9381
1204,15,93,114.67,0.7102
1205,15,94,error,error
1206,15,95,3360.8,0.8809
1207,15,96,688.2,0.826
1208,15,97,408.19,0.7847
1209,15,98,error,error
1210,15,99,error,error
1211,15,39,error,error
1212,15,50,964.1,0.5844
1213,15,43,error,error
1214,15,65,error,error
1215,16,1,2353.67,0.7504
1216,16,2,1476.82,0.9346
1217,16,3,1529.17,0.781
1218,16,4,835.67,0.9421
1219,16,5,4872.95,0.5292
1220,16,6,2141.06,0.4833
1221,16,7,error,error
1222,16,8,1567.39,0.8845
1223,16,9,13451.34,0.6435
1224,16,10,857.1,0.9288
1225,16,11,2519.41,0.7937
1226,16,12,858.49,0.8185
1227,16,13,1083.89,0.9272
1228,16,14,error,error
1229,16,16,86477.83,-5.0408
1230,16,17,1147.13,0.838
1231,16,18,error,error
1232,16,19,561.21,0.5834
1233,16,20,737.18,0.7894
1234,16,21,623.37,0.8094
1235,16,22,1014.33,0.8367
1236,16,23,1353.06,0.8831
1237,16,24,426.48,0.7883
1238,16,25,851.08,0.8338
1239,16,26,343.56,0.8058
1240,16,27,158.68,0.7986
1241,16,28,280.14,-0.4711
1242,16,29,288.37,0.7947
1243,16,30,603.92,0.5881
1244,16,31,226.87,0.7408
1245,16,32,710.55,0.8301
1246,16,33,580.6,0.7327
1247,16,34,947.07,0.83
1248,16,35,110.01,0.3937
1249,16,36,663.84,0.4719
1250,16,37,error,error
1251,16,38,15247.01,0.685
1252,16,40,4361.43,0.8521
1253,16,41,1694.63,-0.431
1254,16,42,731.97,0.8261
1255,16,44,1947.59,0.5032
1256,16,45,error,error
1257,16,46,1163.73,0.9128
1258,16,47,error,error
1259,16,48,error,error
1260,16,49,error,error
1261,16,51,error,error
1262,16,52,402.48,0.7079
1263,16,54,error,error
1264,16,55,1967.34,0.5622
1265,16,56,error,error
1266,16,58,error,error
1267,16,59,error,error
1268,16,60,error,error
1269,16,67,1225.57,0.6616
1270,16,71,821.64,0.6479
1271,16,72,4318.55,0.8367
1272,16,74,error,error
1273,16,77,error,error
1274,16,78,error,error
1275,16,79,586.44,0.8854
1276,16,80,error,error
1277,16,81,3403.35,0.1395
1278,16,82,855.43,0.9036
1279,16,83,error,error
1280,16,85,467.32,0.7669
1281,16,87,1551.44,0.8619
1282,16,90,2069.63,0.7493
1283,16,91,18275.14,-2.0233
1284,16,92,7824.97,0.6678
1285,16,93,error,error
1286,16,94,error,error
1287,16,95,2785.46,0.9125
1288,16,96,97.06,0.3617
1289,16,97,341.03,0.8759
1290,16,98,error,error
1291,16,99,error,error
1292,16,39,error,error
1293,16,50,error,error
1294,16,43,error,error
1295,16,65,error,error
1296,17,1,13137.96,0.4339
1297,17,2,2083.89,0.9528
1298,17,3,error,error
1299,17,4,2154.85,0.9189
1300,17,5,8176.92,0.6337
1301,17,6,1569.89,0.6823
1302,17,7,3158.86,0.8397
1303,17,8,1539.51,0.9244
1304,17,9,4219.63,0.8773
1305,17,10,1232.63,0.9191
1306,17,11,3284.98,0.7899
1307,17,12,error,error
1308,17,13,1710.77,0.9352
1309,17,14,1893.03,0.8701
1310,17,16,6307.72,0.646
1311,17,17,2129.77,0.7781
1312,17,18,error,error
1313,17,19,3136.42,0.2468
1314,17,20,1905.86,0.6016
1315,17,21,1176.32,0.6883
1316,17,22,1482.43,0.8052
1317,17,23,1786.43,0.8768
1318,17,24,1093.95,0.7811
1319,17,25,1676.26,0.7113
1320,17,26,1743.1,0.7742
1321,17,27,205.0,0.8543
1322,17,28,169.53,0.825
1323,17,29,406.87,0.8246
1324,17,30,1116.34,0.574
1325,17,31,1551.83,0.0319
1326,17,32,1043.06,0.8319
1327,17,33,1198.9,0.7682
1328,17,34,2691.05,0.7931
1329,17,35,642.13,0.543
1330,17,36,10087.61,-7.5112
1331,17,37,error,error
1332,17,38,7892.76,0.9089
1333,17,40,3115.39,0.9377
1334,17,41,error,error
1335,17,42,1084.21,0.7529
1336,17,44,681.16,0.9018
1337,17,45,error,error
1338,17,46,error,error
1339,17,47,error,error
1340,17,48,error,error
1341,17,49,error,error
1342,17,51,error,error
1343,17,52,319.65,0.8964
1344,17,54,error,error
1345,17,55,1366.32,0.8176
1346,17,56,error,error
1347,17,58,error,error
1348,17,59,118.01,0.7138
1349,17,60,138.87,0.636
1350,17,67,2290.57,0.7158
1351,17,71,1466.77,0.5701
1352,17,72,7317.79,0.8506
1353,17,74,1615.34,0.9013
1354,17,77,error,error
1355,17,78,error,error
1356,17,79,1925.8,0.931
1357,17,80,300.91,0.6834
1358,17,81,1922.48,0.8712
1359,17,82,error,error
1360,17,83,155.58,0.7062
1361,17,85,606.35,0.8322
1362,17,87,2357.64,0.8535
1363,17,90,2477.47,0.9298
1364,17,91,1006.46,0.9279
1365,17,92,3932.11,0.9361
1366,17,93,1339.29,0.6854
1367,17,94,error,error
1368,17,95,4268.95,0.9265
1369,17,96,error,error
1370,17,97,937.25,0.8984
1371,17,98,error,error
1372,17,99,error,error
1373,17,39,error,error
1374,17,50,error,error
1375,17,43,error,error
1376,17,65,error,error
1377,18,1,11170.66,0.4121
1378,18,2,9849.46,0.8371
1379,18,3,5895.82,0.6612
1380,18,4,error,error
1381,18,5,error,error
1382,18,6,1744.48,0.5402
1383,18,7,19215.18,0.2929
1384,18,8,3567.22,0.8791
1385,18,9,8158.52,0.5554
1386,18,10,1847.73,0.8797
1387,18,11,error,error
1388,18,12,746.11,0.7967
1389,18,13,3217.46,0.9213
1390,18,14,2851.67,0.847
1391,18,16,10223.51,0.4984
1392,18,17,2127.6,0.8265
1393,18,18,error,error
1394,18,19,1573.97,0.2109
1395,18,20,1265.06,0.8315
1396,18,21,772.53,0.8166
1397,18,22,1375.92,0.9054
1398,18,23,3400.99,0.906
1399,18,24,3557.01,0.5607
1400,18,25,1834.56,0.8888
1401,18,26,3643.78,0.6006
1402,18,27,339.91,0.8522
1403,18,28,267.1,0.7475
1404,18,29,1043.52,0.9008
1405,18,30,1060.34,0.8283
1406,18,31,850.37,0.6499
1407,18,32,1669.18,0.7741
1408,18,33,3261.13,0.5984
1409,18,34,5163.1,0.768
1410,18,35,969.99,0.7812
1411,18,36,1274.53,0.4891
1412,18,37,error,error
1413,18,38,7461.09,0.8775
1414,18,40,11708.23,0.7999
1415,18,41,12254.73,-20.4571
1416,18,42,1591.72,0.7759
1417,18,44,601.7,0.8663
1418,18,45,error,error
1419,18,46,2600.99,0.8876
1420,18,47,error,error
1421,18,48,error,error
1422,18,49,2968.48,0.7123
1423,18,51,error,error
1424,18,52,647.6,0.7064
1425,18,54,error,error
1426,18,55,1473.77,0.7677
1427,18,56,9709.42,-0.4411
1428,18,58,2471.48,0.3858
1429,18,59,error,error
1430,18,60,error,error
1431,18,67,2027.01,0.6762
1432,18,71,2986.58,0.5566
1433,18,72,10815.76,0.7531
1434,18,74,error,error
1435,18,77,error,error
1436,18,78,error,error
1437,18,79,2397.76,0.8912
1438,18,80,error,error
1439,18,81,2158.58,0.8444
1440,18,82,3083.15,0.7845
1441,18,83,error,error
1442,18,85,479.11,0.7345
1443,18,87,2126.52,0.8909
1444,18,90,47770.62,-0.9056
1445,18,91,97282.42,-2.9643
1446,18,92,error,error
1447,18,93,error,error
1448,18,94,error,error
1449,18,95,error,error
1450,18,96,error,error
1451,18,97,error,error
1452,18,98,error,error
1453,18,99,error,error
1454,18,39,error,error
1455,18,50,error,error
1456,18,43,error,error
1457,18,65,error,error
1458,19,1,14366.93,0.2965
1459,19,2,3346.62,0.9325
1460,19,3,3110.25,0.8441
1461,19,4,2832.98,0.9093
1462,19,5,error,error
1463,19,6,1236.02,0.7136
1464,19,7,6776.12,0.776
1465,19,8,2874.64,0.9325
1466,19,9,19256.49,0.4968
1467,19,10,6838.75,0.76
1468,19,11,13489.57,0.4027
1469,19,12,629.88,0.9083
1470,19,13,1889.85,0.9428
1471,19,14,1281.57,0.9235
1472,19,16,47102.58,-0.2441
1473,19,17,1273.48,0.9173
1474,19,18,error,error
1475,19,19,error,error
1476,19,20,655.69,0.9016
1477,19,21,911.31,0.8667
1478,19,22,1473.56,0.8726
1479,19,23,3206.19,0.8864
1480,19,24,1351.57,0.762
1481,19,25,2178.05,0.8251
1482,19,26,3215.06,0.5848
1483,19,27,1042.73,0.454
1484,19,28,99.95,0.8562
1485,19,29,1174.1,0.7871
1486,19,30,634.81,0.857
1487,19,31,538.99,0.8105
1488,19,32,1559.73,0.7692
1489,19,33,887.13,0.8516
1490,19,34,4422.26,0.7652
1491,19,35,848.37,0.7893
1492,19,36,5243.86,-2.0019
1493,19,37,357.58,0.8627
1494,19,38,5760.03,0.9201
1495,19,40,4811.19,0.9103
1496,19,41,1332.38,0.5744
1497,19,42,1330.95,0.808
1498,19,44,645.48,0.8793
1499,19,45,error,error
1500,19,46,1292.31,0.9358
1501,19,47,error,error
1502,19,48,error,error
1503,19,49,1511.54,0.727
1504,19,51,error,error
1505,19,52,569.02,0.6292
1506,19,54,error,error
1507,19,55,2690.46,0.6784
1508,19,56,7975.8,-0.0818
1509,19,58,3290.63,0.1444
1510,19,59,196.3,0.2005
1511,19,60,132.7,0.7276
1512,19,67,4435.23,0.6778
1513,19,71,2183.53,0.6141
1514,19,72,7676.14,0.8664
1515,19,74,2082.15,0.8866
1516,19,77,error,error
1517,19,78,error,error
1518,19,79,1533.0,0.922
1519,19,80,1360.49,0.9368
1520,19,81,1139.4,0.9472
1521,19,82,2940.56,0.8632
1522,19,83,323.77,0.9122
1523,19,85,1506.9,0.6566
1524,19,87,1890.39,0.8993
1525,19,90,4625.23,0.9275
1526,19,91,11537.21,0.77
1527,19,92,error,error
1528,19,93,3636.94,0.9017
1529,19,94,3180.82,0.9132
1530,19,95,10167.98,0.8937
1531,19,96,2160.54,0.8768
1532,19,97,2492.99,0.876
1533,19,98,1584.57,0.8667
1534,19,99,error,error
1535,19,39,error,error
1536,19,50,error,error
1537,19,43,error,error
1538,19,65,error,error
1539,20,1,20102.53,0.4593
1540,20,2,error,error
1541,20,3,1879.68,0.882
1542,20,4,error,error
1543,20,5,9408.18,0.6859
1544,20,6,2192.9,0.642
1545,20,7,14160.92,0.6899
1546,20,8,4737.29,0.9413
1547,20,9,error,error
1548,20,10,3280.45,0.926
1549,20,11,8652.58,0.6539
1550,20,12,3175.34,0.6363
1551,20,13,4006.4,0.9295
1552,20,14,error,error
1553,20,16,86960.62,-1.444
1554,20,17,1171.09,0.9294
1555,20,18,error,error
1556,20,19,error,error
1557,20,20,1166.9,0.8345
1558,20,21,1285.51,0.8928
1559,20,22,2174.35,0.8253
1560,20,23,6630.79,0.8241
1561,20,24,3224.04,0.5928
1562,20,25,5470.47,0.6731
1563,20,26,7173.0,0.4184
1564,20,27,443.11,0.7957
1565,20,28,314.49,0.5881
1566,20,29,1933.25,0.7619
1567,20,30,652.49,0.884
1568,20,31,error,error
1569,20,32,2895.77,0.7702
1570,20,33,2337.83,0.7384
1571,20,34,3045.71,0.8711
1572,20,35,1449.27,0.7835
1573,20,36,9458.86,-1.6265
1574,20,37,419.41,0.8961
1575,20,38,10176.23,0.9129
1576,20,40,3986.83,0.9545
1577,20,41,44640023.04,-7904.3556
1578,20,42,1473.3,0.843
1579,20,44,1197.75,0.8498
1580,20,45,error,error
1581,20,46,1820.46,0.9458
1582,20,47,error,error
1583,20,48,error,error
1584,20,49,2537.35,0.8817
1585,20,51,error,error
1586,20,52,1649.56,0.4743
1587,20,54,error,error
1588,20,55,4209.81,0.6533
1589,20,56,9426.51,-0.3482
1590,20,58,error,error
1591,20,59,93.88,0.7992
1592,20,60,153.53,0.7522
1593,20,67,5994.31,0.6637
1594,20,71,1304.02,0.7936
1595,20,72,17456.58,0.7418
1596,20,74,9399.89,0.535
1597,20,77,error,error
1598,20,78,error,error
1599,20,79,4506.59,0.8814
1600,20,80,2853.64,0.9301
1601,20,81,1775.08,0.9507
1602,20,82,4228.54,0.8635
1603,20,83,796.25,0.8573
1604,20,85,510.6,0.8904
1605,20,87,8425.71,0.8348
1606,20,90,6293.74,0.934
1607,20,91,5518.17,0.9292
1608,20,92,12711.05,0.9256
1609,20,93,6245.35,0.8879
1610,20,94,5223.85,0.9211
1611,20,95,error,error
1612,20,96,error,error
1613,20,97,error,error
1614,20,98,1957.08,0.8984
1615,20,99,error,error
1616,20,39,error,error
1617,20,50,639.32,0.7825
1618,20,43,error,error
1619,20,65,error,error
1620,21,1,5121.38,0.5978
1621,21,2,4977.51,0.8947
1622,21,3,6987.83,0.5828
1623,21,4,1323.07,0.927
1624,21,5,3466.64,0.7175
1625,21,6,1368.76,0.4514
1626,21,7,10793.45,0.4185
1627,21,8,1414.34,0.9167
1628,21,9,2383.95,0.865
1629,21,10,2057.42,0.8599
1630,21,11,2640.12,0.7912
1631,21,12,405.86,0.8524
1632,21,13,2076.51,0.9221
1633,21,14,1373.17,0.8925
1634,21,16,error,error
1635,21,17,1550.99,0.7428
1636,21,18,error,error
1637,21,19,713.97,0.584
1638,21,20,795.74,0.8436
1639,21,21,480.56,0.8349
1640,21,22,1308.35,0.813
1641,21,23,4584.07,0.8726
1642,21,24,3710.47,0.5993
1643,21,25,error,error
1644,21,26,3349.28,0.6523
1645,21,27,262.47,0.7987
1646,21,28,106.97,0.776
1647,21,29,531.03,0.8845
1648,21,30,547.43,0.879
1649,21,31,1775.49,0.5228
1650,21,32,2134.45,0.657
1651,21,33,2270.24,0.7178
1652,21,34,4263.95,0.7804
1653,21,35,511.68,0.7894
1654,21,36,411.44,0.7784
1655,21,37,error,error
1656,21,38,8090.09,0.7583
1657,21,40,2650.97,0.9303
1658,21,41,840.57,0.5281
1659,21,42,1329.89,0.753
1660,21,44,570.15,0.8567
1661,21,45,error,error
1662,21,46,1295.97,0.9329
1663,21,47,error,error
1664,21,48,error,error
1665,21,49,2679.03,0.726
1666,21,51,error,error
1667,21,52,874.09,0.62
1668,21,54,error,error
1669,21,55,2556.19,0.5285
1670,21,56,338229.28,-209.4901
1671,21,58,error,error
1672,21,59,122.6,0.4341
1673,21,60,error,error
1674,21,67,1103.18,0.7482
1675,21,71,1184.52,0.7283
1676,21,72,7020.85,0.7751
1677,21,74,1000.73,0.9007
1678,21,77,error,error
1679,21,78,error,error
1680,21,79,error,error
1681,21,80,error,error
1682,21,81,962.52,0.8385
1683,21,82,1498.11,0.8944
1684,21,83,86.71,0.3467
1685,21,85,312.23,0.6924
1686,21,87,1585.24,0.7714
1687,21,90,1099.01,0.8984
1688,21,91,1084.82,0.8419
1689,21,92,3379.76,0.8593
1690,21,93,190.52,0.7224
1691,21,94,error,error
1692,21,95,6650.38,0.8445
1693,21,96,error,error
1694,21,97,433.15,0.8696
1695,21,98,error,error
1696,21,99,error,error
1697,21,39,error,error
1698,21,50,error,error
1699,21,43,error,error
1700,21,65,error,error
1701,22,1,13757.61,0.2625
1702,22,2,3663.47,0.9328
1703,22,3,3089.15,0.7986
1704,22,4,2165.76,0.9368
1705,22,5,7123.88,0.5837
1706,22,6,error,error
1707,22,7,9479.12,0.6076
1708,22,8,2585.22,0.9305
1709,22,9,8613.26,0.6729
1710,22,10,1642.46,0.9121
1711,22,11,8028.0,0.4962
1712,22,12,512.37,0.8651
1713,22,13,2183.13,0.943
1714,22,14,1668.31,0.8918
1715,22,16,4737.75,0.8165
1716,22,17,1355.2,0.8927
1717,22,18,error,error
1718,22,19,error,error
1719,22,20,1183.19,0.8284
1720,22,21,1141.44,0.7727
1721,22,22,2123.89,0.8146
1722,22,23,3687.05,0.8791
1723,22,24,1440.71,0.8272
1724,22,25,1389.17,0.8647
1725,22,26,1381.22,0.8366
1726,22,27,206.74,0.8908
1727,22,28,214.49,0.7123
1728,22,29,1754.6,0.761
1729,22,30,664.8,0.8704
1730,22,31,919.9,0.6853
1731,22,32,2505.75,0.56
1732,22,33,1471.54,0.7961
1733,22,34,4197.77,0.8271
1734,22,35,1259.77,0.7584
1735,22,36,3372.41,-0.3026
1736,22,37,error,error
1737,22,38,11703.33,0.8457
1738,22,40,1899.95,0.9663
1739,22,41,1072.94,0.0773
1740,22,42,840.53,0.8895
1741,22,44,845.56,0.8474
1742,22,45,error,error
1743,22,46,1178.93,0.9477
1744,22,47,error,error
1745,22,48,error,error
1746,22,49,error,error
1747,22,51,error,error
1748,22,52,537.19,0.726
1749,22,54,error,error
1750,22,55,2675.56,0.5821
1751,22,56,error,error
1752,22,58,error,error
1753,22,59,error,error
1754,22,60,127.68,0.6971
1755,22,67,3245.75,0.7253
1756,22,71,740.87,0.8438
1757,22,72,error,error
1758,22,74,1421.11,0.9208
1759,22,77,error,error
1760,22,78,error,error
1761,22,79,4959.51,0.6835
1762,22,80,422.31,0.731
1763,22,81,4298.21,0.6251
1764,22,82,3116.37,0.8297
1765,22,83,640.07,0.5505
1766,22,85,878.79,0.6646
1767,22,87,1926.98,0.8759
1768,22,90,1440.72,0.933
1769,22,91,error,error
1770,22,92,4807.2,0.911
1771,22,93,991.81,0.7034
1772,22,94,error,error
1773,22,95,7710.64,0.8681
1774,22,96,error,error
1775,22,97,531.56,0.8824
1776,22,98,error,error
1777,22,99,error,error
1778,22,39,error,error
1779,22,50,error,error
1780,22,43,error,error
1781,22,65,error,error
1782,23,1,16713.29,0.4837
1783,23,2,4121.38,0.9446
1784,23,3,14032.21,0.3541
1785,23,4,2303.29,0.9231
1786,23,5,9975.75,0.6348
1787,23,6,1783.31,0.6655
1788,23,7,6809.89,0.8173
1789,23,8,3080.68,0.9192
1790,23,9,7034.47,0.8832
1791,23,10,12311.94,0.6179
1792,23,11,13682.55,0.5654
1793,23,12,630.09,0.8963
1794,23,13,error,error
1795,23,14,5779.17,0.829
1796,23,16,7680.91,0.7576
1797,23,17,4354.16,0.831
1798,23,18,error,error
1799,23,19,711.45,0.2419
1800,23,20,1299.95,0.8996
1801,23,21,1142.04,0.868
1802,23,22,3268.44,0.8648
1803,23,23,8407.36,0.831
1804,23,24,1908.11,0.8208
1805,23,25,5171.74,0.671
1806,23,26,1965.72,0.844
1807,23,27,544.47,0.8241
1808,23,28,271.81,0.6901
1809,23,29,1366.7,0.8748
1810,23,30,1085.45,0.8605
1811,23,31,2395.19,0.4756
1812,23,32,2770.11,0.7287
1813,23,33,2237.11,0.7951
1814,23,34,5596.16,0.8076
1815,23,35,1409.59,0.7517
1816,23,36,3047.12,0.2245
1817,23,37,error,error
1818,23,38,7544.81,0.8369
1819,23,40,4906.26,0.9231
1820,23,41,8192.32,-2.7423
1821,23,42,1245.27,0.9037
1822,23,44,979.7,0.8595
1823,23,45,error,error
1824,23,46,2853.14,0.9251
1825,23,47,error,error
1826,23,48,error,error
1827,23,49,3666.4,0.8562
1828,23,51,error,error
1829,23,52,1632.09,0.3216
1830,23,54,429.3,-7.0511
1831,23,55,4801.04,0.4841
1832,23,56,3703.98,0.6929
1833,23,58,error,error
1834,23,59,742.35,-0.705
1835,23,60,error,error
1836,23,67,3785.33,0.7485
1837,23,71,1929.56,0.8388
1838,23,72,error,error
1839,23,74,3570.59,0.9119
1840,23,77,error,error
1841,23,78,error,error
1842,23,79,error,error
1843,23,80,error,error
1844,23,81,1355.13,0.8475
1845,23,82,2675.74,0.8894
1846,23,83,error,error
1847,23,85,error,error
1848,23,87,4047.89,0.8861
1849,23,90,21097.25,0.0809
1850,23,91,20725.55,0.0742
1851,23,92,9444.28,0.8674
1852,23,93,error,error
1853,23,94,error,error
1854,23,95,6454.34,0.8866
1855,23,96,1890.84,0.8825
1856,23,97,6273.0,0.1708
1857,23,98,error,error
1858,23,99,error,error
1859,23,39,error,error
1860,23,50,1559.92,0.7763
1861,23,43,error,error
1862,23,65,error,error
1863,24,1,12098.37,0.3363
1864,24,2,3192.62,0.9234
1865,24,3,1998.11,0.8491
1866,24,4,2372.56,0.9229
1867,24,5,6887.36,0.682
1868,24,6,1750.67,0.5327
1869,24,7,9805.34,0.6252
1870,24,8,2738.76,0.9463
1871,24,9,9664.76,0.671
1872,24,10,3535.71,0.8727
1873,24,11,7928.36,0.5616
1874,24,12,817.22,0.8387
1875,24,13,2149.58,0.9283
1876,24,14,2010.2,0.8751
1877,24,16,67749.0,-1.6438
1878,24,17,1447.35,0.8826
1879,24,18,error,error
1880,24,19,error,error
1881,24,20,700.07,0.8786
1882,24,21,error,error
1883,24,22,3518.38,0.6918
1884,24,23,2685.68,0.9049
1885,24,24,1657.87,0.7063
1886,24,25,1624.22,0.8627
1887,24,26,1450.42,0.8026
1888,24,27,286.65,0.8257
1889,24,28,124.04,0.7766
1890,24,29,708.78,0.864
1891,24,30,429.99,0.891
1892,24,31,1253.87,0.4434
1893,24,32,1361.52,0.7766
1894,24,33,6592.48,-0.1607
1895,24,34,3142.14,0.8213
1896,24,35,1604.05,0.5289
1897,24,36,952.56,0.5727
1898,24,37,353.67,0.8833
1899,24,38,10371.01,0.8221
1900,24,40,6625.56,0.8608
1901,24,41,5653.0,-2.4313
1902,24,42,error,error
1903,24,44,608.34,0.8674
1904,24,45,error,error
1905,24,46,1539.62,0.9072
1906,24,47,error,error
1907,24,48,error,error
1908,24,49,1403.48,0.713
1909,24,51,error,error
1910,24,52,445.17,0.6519
1911,24,54,error,error
1912,24,55,3635.55,0.6183
1913,24,56,5902.44,-0.0172
1914,24,58,error,error
1915,24,59,89.14,0.5782
1916,24,60,error,error
1917,24,67,3617.89,0.6868
1918,24,71,2655.51,0.3903
1919,24,72,7833.1,0.8338
1920,24,74,1816.73,0.8743
1921,24,77,error,error
1922,24,78,error,error
1923,24,79,1695.26,0.922
1924,24,80,2189.46,0.9255
1925,24,81,1493.4,0.9414
1926,24,82,2984.45,0.8437
1927,24,83,653.43,0.8507
1928,24,85,398.78,0.7589
1929,24,87,2775.87,0.9005
1930,24,90,4887.57,0.9337
1931,24,91,4327.43,0.9168
1932,24,92,17112.14,0.8647
1933,24,93,4731.68,0.8887
1934,24,94,4453.89,0.9206
1935,24,95,6064.66,0.9386
1936,24,96,7160.83,0.5266
1937,24,97,1528.43,0.9241
1938,24,98,1279.42,0.8754
1939,24,99,error,error
1940,24,39,error,error
1941,24,50,528.6,0.5198
1942,24,43,error,error
1943,24,65,error,error
1944,25,1,10274.2,0.4364
1945,25,2,1693.36,0.9552
1946,25,3,4910.17,0.5905
1947,25,4,1597.6,0.9241
1948,25,5,3696.14,0.6133
1949,25,6,error,error
1950,25,7,4548.7,0.7109
1951,25,8,2014.83,0.934
1952,25,9,5195.21,0.7036
1953,25,10,4883.28,0.7681
1954,25,11,2696.19,0.7537
1955,25,12,892.14,0.7523
1956,25,13,1333.48,0.9479
1957,25,14,2285.0,0.7556
1958,25,16,10983.14,0.4872
1959,25,17,3052.13,0.6848
1960,25,18,error,error
1961,25,19,error,error
1962,25,20,557.63,0.855
1963,25,21,909.21,0.8183
1964,25,22,848.62,0.8481
1965,25,23,2370.87,0.8613
1966,25,24,1451.73,0.5113
1967,25,25,4012.4,0.4458
1968,25,26,1139.74,0.7047
1969,25,27,166.28,0.8308
1970,25,28,104.43,0.7966
1971,25,29,681.89,0.811
1972,25,30,514.84,0.7826
1973,25,31,550.53,0.6372
1974,25,32,676.0,0.8132
1975,25,33,1093.02,0.5951
1976,25,34,2019.14,0.8338
1977,25,35,3932.7,-0.6752
1978,25,36,error,error
1979,25,37,589.34,0.8
1980,25,38,7356.55,0.8239
1981,25,40,2482.67,0.9433
1982,25,41,3024.29,-0.3496
1983,25,42,701.37,0.8798
1984,25,44,778.55,0.7875
1985,25,45,error,error
1986,25,46,2031.44,0.8984
1987,25,47,error,error
1988,25,48,error,error
1989,25,49,2680.82,0.7705
1990,25,51,error,error
1991,25,52,756.69,0.4832
1992,25,54,error,error
1993,25,55,2029.8,0.515
1994,25,56,8132.19,-0.4069
1995,25,58,error,error
1996,25,59,64.8,0.7128
1997,25,60,error,error
1998,25,67,2021.74,0.769
1999,25,71,916.5,0.7057
2000,25,72,5239.08,0.8295
2001,25,74,1486.09,0.8712
2002,25,77,error,error
2003,25,78,error,error
2004,25,79,error,error
2005,25,80,error,error
2006,25,81,1198.16,0.8696
2007,25,82,1317.05,0.8818
2008,25,83,78.04,0.5634
2009,25,85,477.04,0.8429
2010,25,87,920.32,0.8688
2011,25,90,676.67,0.9445
2012,25,91,1667.85,0.7974
2013,25,92,2354.87,0.9437
2014,25,93,160.93,0.835
2015,25,94,error,error
2016,25,95,4390.17,0.9071
2017,25,96,error,error
2018,25,97,231.5,0.9201
2019,25,98,error,error
2020,25,99,error,error
2021,25,39,error,error
2022,25,50,535.22,0.7626
2023,25,43,error,error
2024,25,65,error,error
2025,26,1,5707.7,0.6798
2026,26,2,1428.96,0.9484
2027,26,3,1208.91,0.8377
2028,26,4,1110.91,0.9574
2029,26,5,3468.29,0.7301
2030,26,6,1283.31,0.6759
2031,26,7,3209.6,0.7679
2032,26,8,1971.44,0.932
2033,26,9,3357.0,0.8335
2034,26,10,1326.28,0.8752
2035,26,11,6166.62,0.5409
2036,26,12,732.77,0.8638
2037,26,13,1420.6,0.9354
2038,26,14,1021.73,0.8981
2039,26,16,41229.85,-1.3511
2040,26,17,976.72,0.8671
2041,26,18,error,error
2042,26,19,1051.31,0.1316
2043,26,20,478.66,0.8699
2044,26,21,974.94,0.8239
2045,26,22,1098.54,0.8186
2046,26,23,1566.14,0.8847
2047,26,24,476.58,0.8202
2048,26,25,6549.71,0.0568
2049,26,26,474.16,0.8612
2050,26,27,206.07,0.7765
2051,26,28,97.17,0.7069
2052,26,29,568.49,0.817
2053,26,30,423.07,0.8228
2054,26,31,399.1,0.6481
2055,26,32,1256.12,0.6729
2056,26,33,715.34,0.7741
2057,26,34,1677.52,0.7965
2058,26,35,667.13,0.643
2059,26,36,2211.55,-1.8357
2060,26,37,error,error
2061,26,38,error,error
2062,26,40,1666.97,0.9567
2063,26,41,2479.09,-0.9544
2064,26,42,786.95,0.731
2065,26,44,521.22,0.8538
2066,26,45,error,error
2067,26,46,1405.69,0.8576
2068,26,47,error,error
2069,26,48,error,error
2070,26,49,1206.27,0.6534
2071,26,51,error,error
2072,26,52,461.95,0.7034
2073,26,54,error,error
2074,26,55,error,error
2075,26,56,error,error
2076,26,58,error,error
2077,26,59,136.01,0.0055
2078,26,60,error,error
2079,26,67,1653.39,0.7625
2080,26,71,896.06,0.6273
2081,26,72,10220.34,0.7197
2082,26,74,1116.36,0.8759
2083,26,77,error,error
2084,26,78,error,error
2085,26,79,974.79,0.9185
2086,26,80,1298.85,0.9351
2087,26,81,1256.96,0.9384
2088,26,82,error,error
2089,26,83,1149.73,0.5379
2090,26,85,302.05,0.8184
2091,26,87,2490.97,0.9008
2092,26,90,8489.89,0.8561
2093,26,91,8241.87,0.7954
2094,26,92,9548.98,0.8959
2095,26,93,3216.9,0.8833
2096,26,94,3580.0,0.9215
2097,26,95,5656.8,0.9254
2098,26,96,2012.76,0.9061
2099,26,97,1519.96,0.9039
2100,26,98,777.23,0.8957
2101,26,99,error,error
2102,26,39,error,error
2103,26,50,error,error
2104,26,43,error,error
2105,26,65,error,error
2106,27,1,13043.84,0.5418
2107,27,2,7465.53,0.9067
2108,27,3,9719.25,0.6008
2109,27,4,5187.3,0.8783
2110,27,5,8727.74,0.5595
2111,27,6,1106.96,0.7857
2112,27,7,8629.48,0.7757
2113,27,8,2656.95,0.9354
2114,27,9,9261.86,0.7293
2115,27,10,3406.67,0.9054
2116,27,11,7248.89,0.651
2117,27,12,862.3,0.7735
2118,27,13,2941.62,0.9436
2119,27,14,2672.64,0.8999
2120,27,16,8896.4,0.7266
2121,27,17,3864.76,0.7661
2122,27,18,error,error
2123,27,19,error,error
2124,27,20,1601.68,0.8591
2125,27,21,1956.97,0.6971
2126,27,22,2677.3,0.8442
2127,27,23,9884.06,0.7399
2128,27,24,4594.68,0.5258
2129,27,25,1345.9,0.8943
2130,27,26,2014.06,0.8375
2131,27,27,277.53,0.8597
2132,27,28,222.5,0.7226
2133,27,29,1386.52,0.8264
2134,27,30,715.14,0.8704
2135,27,31,926.78,0.7433
2136,27,32,1621.0,0.8023
2137,27,33,3174.15,0.6536
2138,27,34,4392.04,0.7581
2139,27,35,1255.93,0.7078
2140,27,36,1466.22,0.4558
2141,27,37,error,error
2142,27,38,5832.65,0.847
2143,27,40,16025.29,0.7744
2144,27,41,16174.19,-7.1577
2145,27,42,4139.81,0.5969
2146,27,44,597.43,0.8645
2147,27,45,error,error
2148,27,46,2993.05,0.928
2149,27,47,error,error
2150,27,48,error,error
2151,27,49,2112.11,0.8018
2152,27,51,error,error
2153,27,52,1052.96,0.5936
2154,27,54,error,error
2155,27,55,2484.7,0.7037
2156,27,56,5217.35,0.3578
2157,27,58,error,error
2158,27,59,88.43,0.7224
2159,27,60,error,error
2160,27,67,5374.46,0.5293
2161,27,71,1942.75,0.8066
2162,27,72,11638.99,0.7706
2163,27,74,4773.61,0.8174
2164,27,77,error,error
2165,27,78,error,error
2166,27,79,2287.9,0.937
2167,27,80,1256.22,0.9503
2168,27,81,1743.38,0.9384
2169,27,82,11918.9,0.5592
2170,27,83,1667.44,0.8008
2171,27,85,725.91,0.8156
2172,27,87,2138.29,0.879
2173,27,90,5826.81,0.9353
2174,27,91,4144.28,0.9329
2175,27,92,11883.14,0.9158
2176,27,93,6124.04,0.8892
2177,27,94,6567.34,0.9051
2178,27,95,8870.48,0.9241
2179,27,96,8060.63,0.6497
2180,27,97,1506.86,0.9248
2181,27,98,1355.43,0.8749
2182,27,99,error,error
2183,27,39,error,error
2184,27,50,601.51,0.7753
2185,27,43,error,error
2186,27,65,error,error
2187,28,1,10584.34,0.4049
2188,28,2,4019.7,0.9265
2189,28,3,1643.51,0.8795
2190,28,4,2687.89,0.9002
2191,28,5,4184.95,0.7899
2192,28,6,error,error
2193,28,7,7083.39,0.6953
2194,28,8,3080.41,0.9039
2195,28,9,3057.26,0.837
2196,28,10,2456.37,0.8834
2197,28,11,2325.65,0.823
2198,28,12,481.9,0.8564
2199,28,13,2401.31,0.934
2200,28,14,1916.15,0.8638
2201,28,16,1281.22,0.8391
2202,28,17,929.04,0.8895
2203,28,18,error,error
2204,28,19,369.79,0.6946
2205,28,20,1564.11,0.6916
2206,28,21,430.68,0.9003
2207,28,22,752.46,0.9079
2208,28,23,2519.56,0.9143
2209,28,24,1247.71,0.8413
2210,28,25,1459.78,0.9016
2211,28,26,1281.77,0.8481
2212,28,27,994.67,0.2623
2213,28,28,140.18,0.7159
2214,28,29,549.02,0.8786
2215,28,30,454.69,0.8684
2216,28,31,1980.55,0.2326
2217,28,32,error,error
2218,28,33,1357.66,0.8318
2219,28,34,error,error
2220,28,35,707.84,0.7308
2221,28,36,457.12,0.6891
2222,28,37,348.39,0.7976
2223,28,38,6776.82,0.866
2224,28,40,2070.77,0.9528
2225,28,41,6047.15,-3.9986
2226,28,42,649.82,0.9002
2227,28,44,646.07,0.8495
2228,28,45,error,error
2229,28,46,1171.38,0.9407
2230,28,47,error,error
2231,28,48,error,error
2232,28,49,1315.17,0.897
2233,28,51,error,error
2234,28,52,447.63,0.7997
2235,28,54,error,error
2236,28,55,968.21,0.8489
2237,28,56,error,error
2238,28,58,18557.56,-1.7095
2239,28,59,133.88,0.1
2240,28,60,132.12,0.7532
2241,28,67,2338.12,0.6135
2242,28,71,error,error
2243,28,72,5549.89,0.8688
2244,28,74,1185.77,0.892
2245,28,77,error,error
2246,28,78,error,error
2247,28,79,3742.94,0.9107
2248,28,80,1741.25,0.9003
2249,28,81,2543.65,0.8839
2250,28,82,3014.41,0.829
2251,28,83,1919.67,0.7182
2252,28,85,5236.14,-2.9457
2253,28,87,2034.78,0.8539
2254,28,90,error,error
2255,28,91,11361.39,0.7983
2256,28,92,23759.55,0.7573
2257,28,93,14573.81,0.7081
2258,28,94,4713.25,0.8756
2259,28,95,16649.17,0.8236
2260,28,96,6915.85,0.7647
2261,28,97,6519.19,0.7227
2262,28,98,1507.17,0.8313
2263,28,99,error,error
2264,28,39,error,error
2265,28,50,error,error
2266,28,43,error,error
2267,28,65,error,error
2268,29,1,7341.35,0.4859
2269,29,2,error,error
2270,29,3,1229.28,0.8575
2271,29,4,1325.41,0.9186
2272,29,5,4301.77,0.533
2273,29,6,error,error
2274,29,7,3492.12,0.7629
2275,29,8,1977.67,0.9069
2276,29,9,4141.55,0.7002
2277,29,10,1191.26,0.8682
2278,29,11,3668.93,0.5616
2279,29,12,836.67,0.6507
2280,29,13,1164.3,0.9381
2281,29,14,1103.18,0.8727
2282,29,16,3601.82,0.6246
2283,29,17,1135.17,0.8426
2284,29,18,error,error
2285,29,19,error,error
2286,29,20,581.76,0.85
2287,29,21,626.05,0.8313
2288,29,22,866.42,0.8513
2289,29,23,2930.54,0.8481
2290,29,24,1271.87,0.7066
2291,29,25,890.27,0.8701
2292,29,26,807.58,0.7979
2293,29,27,221.65,0.8127
2294,29,28,93.64,0.8125
2295,29,29,886.58,0.7933
2296,29,30,485.83,0.8326
2297,29,31,364.77,0.7886
2298,29,32,1347.26,0.613
2299,29,33,1220.43,0.6864
2300,29,34,2110.28,0.7973
2301,29,35,519.36,0.7879
2302,29,36,error,error
2303,29,37,error,error
2304,29,38,5381.2,0.8759
2305,29,40,1950.89,0.9357
2306,29,41,263.63,0.7272
2307,29,42,565.73,0.8588
2308,29,44,441.2,0.7525
2309,29,45,error,error
2310,29,46,745.22,0.9397
2311,29,47,error,error
2312,29,48,error,error
2313,29,49,error,error
2314,29,51,error,error
2315,29,52,312.02,0.6077
2316,29,54,error,error
2317,29,55,1341.05,0.5672
2318,29,56,25905.51,-4.3149
2319,29,58,error,error
2320,29,59,108.08,0.2421
2321,29,60,error,error
2322,29,67,1779.36,0.7056
2323,29,71,1273.83,0.503
2324,29,72,4922.87,0.8005
2325,29,74,928.19,0.8907
2326,29,77,error,error
2327,29,78,error,error
2328,29,79,1008.25,0.8785
2329,29,80,error,error
2330,29,81,531.51,0.9018
2331,29,82,1579.9,0.8366
2332,29,83,156.46,0.8011
2333,29,85,323.51,0.7847
2334,29,87,1503.74,0.8313
2335,29,90,1170.29,0.8932
2336,29,91,584.91,0.8735
2337,29,92,2136.89,0.9199
2338,29,93,571.45,0.6331
2339,29,94,error,error
2340,29,95,2170.22,0.9329
2341,29,96,error,error
2342,29,97,288.45,0.8704
2343,29,98,error,error
2344,29,99,error,error
2345,29,39,error,error
2346,29,50,error,error
2347,29,43,error,error
2348,29,65,error,error
2349,30,1,1422.41,0.8425
2350,30,2,534.0,0.9574
2351,30,3,363.05,0.4907
2352,30,4,error,error
2353,30,5,error,error
2354,30,6,error,error
2355,30,7,125.45,0.5541
2356,30,8,1138.98,0.9042
2357,30,9,error,error
2358,30,10,71.48,0.6856
2359,30,11,116.68,0.8351
2360,30,12,error,error
2361,30,13,825.24,0.925
2362,30,14,149.88,0.8271
2363,30,16,375.05,0.7899
2364,30,17,error,error
2365,30,18,error,error
2366,30,19,error,error
2367,30,20,error,error
2368,30,21,207.67,0.815
2369,30,22,error,error
2370,30,23,error,error
2371,30,24,error,error
2372,30,25,error,error
2373,30,26,error,error
2374,30,27,error,error
2375,30,28,52.8,-0.2033
2376,30,29,error,error
2377,30,30,error,error
2378,30,31,error,error
2379,30,32,error,error
2380,30,33,error,error
2381,30,34,error,error
2382,30,35,error,error
2383,30,36,error,error
2384,30,37,error,error
2385,30,38,7507.21,0.8747
2386,30,40,3154.53,0.8673
2387,30,41,error,error
2388,30,42,42.54,0.4694
2389,30,44,error,error
2390,30,45,error,error
2391,30,46,408.98,0.9276
2392,30,47,error,error
2393,30,48,error,error
2394,30,49,error,error
2395,30,51,error,error
2396,30,52,error,error
2397,30,54,error,error
2398,30,55,error,error
2399,30,56,error,error
2400,30,58,error,error
2401,30,59,error,error
2402,30,60,error,error
2403,30,67,547.75,0.6133
2404,30,71,error,error
2405,30,72,error,error
2406,30,74,838.43,-7.7766
2407,30,77,error,error
2408,30,78,error,error
2409,30,79,709.35,0.8887
2410,30,80,657.31,0.9035
2411,30,81,962.91,0.9131
2412,30,82,error,error
2413,30,83,929.99,0.415
2414,30,85,error,error
2415,30,87,205.15,0.3835
2416,30,90,2018.79,0.9429
2417,30,91,1407.32,0.9547
2418,30,92,2726.58,0.9487
2419,30,93,2580.37,0.8889
2420,30,94,3068.55,0.8814
2421,30,95,3057.01,0.9336
2422,30,96,1059.9,0.9456
2423,30,97,682.69,0.9482
2424,30,98,582.99,0.8237
2425,30,99,error,error
2426,30,39,error,error
2427,30,50,error,error
2428,30,43,error,error
2429,30,65,error,error
2430,31,1,6143.76,0.6152
2431,31,2,2422.96,0.9591
2432,31,3,6277.97,0.4678
2433,31,4,2140.52,0.9401
2434,31,5,4170.17,0.6837
2435,31,6,1057.04,0.5147
2436,31,7,7552.14,0.5823
2437,31,8,1313.1,0.9474
2438,31,9,3006.26,0.7415
2439,31,10,2135.97,0.8928
2440,31,11,1554.31,0.8634
2441,31,12,597.33,0.7938
2442,31,13,1502.32,0.966
2443,31,14,1553.29,0.9053
2444,31,16,1974.36,0.8018
2445,31,17,1138.04,0.8476
2446,31,18,error,error
2447,31,19,error,error
2448,31,20,875.17,0.8688
2449,31,21,674.41,0.8282
2450,31,22,1112.78,0.8526
2451,31,23,2283.8,0.89
2452,31,24,1619.6,0.6484
2453,31,25,1062.55,0.8828
2454,31,26,1346.41,0.7961
2455,31,27,187.42,0.7896
2456,31,28,186.0,0.5373
2457,31,29,639.96,0.8511
2458,31,30,574.81,0.8272
2459,31,31,1031.97,0.5622
2460,31,32,1122.14,0.7957
2461,31,33,1117.32,0.7643
2462,31,34,1838.51,0.8682
2463,31,35,485.12,0.7085
2464,31,36,643.6,0.6032
2465,31,37,397.65,0.8441
2466,31,38,error,error
2467,31,40,2324.04,0.9596
2468,31,41,1172.89,0.0687
2469,31,42,1036.85,0.8119
2470,31,44,496.0,0.7582
2471,31,45,error,error
2472,31,46,1398.9,0.9464
2473,31,47,error,error
2474,31,48,error,error
2475,31,49,2273.7,0.7279
2476,31,51,error,error
2477,31,52,309.07,0.5231
2478,31,54,error,error
2479,31,55,1150.77,0.7958
2480,31,56,1241.39,0.3341
2481,31,58,2314.66,0.2735
2482,31,59,118.61,0.3606
2483,31,60,error,error
2484,31,67,error,error
2485,31,71,2000.74,0.5832
2486,31,72,14266.37,0.6206
2487,31,74,1819.48,0.8732
2488,31,77,error,error
2489,31,78,error,error
2490,31,79,4555.08,0.8756
2491,31,80,2256.9,0.8824
2492,31,81,1774.55,0.9306
2493,31,82,3630.15,0.8062
2494,31,83,1130.67,0.8768
2495,31,85,277.81,0.7492
2496,31,87,1424.75,0.8494
2497,31,90,3180.98,0.9641
2498,31,91,2738.19,0.9606
2499,31,92,5009.72,0.9612
2500,31,93,error,error
2501,31,94,3967.67,0.9448
2502,31,95,5906.51,0.9462
2503,31,96,2126.9,0.931
2504,31,97,2361.19,0.924
2505,31,98,1330.28,0.8597
2506,31,99,error,error
2507,31,39,error,error
2508,31,50,error,error
2509,31,43,error,error
2510,31,65,error,error
2511,32,1,9168.54,0.5988
2512,32,2,1851.69,0.9648
2513,32,3,4913.71,0.7263
2514,32,4,error,error
2515,32,5,error,error
2516,32,6,4070.43,-0.0833
2517,32,7,3985.76,0.8174
2518,32,8,1223.09,0.9492
2519,32,9,4273.47,0.853
2520,32,10,2926.82,0.8838
2521,32,11,2613.38,0.8252
2522,32,12,804.49,0.7773
2523,32,13,1138.16,0.9624
2524,32,14,1147.14,0.9201
2525,32,16,10487.54,0.4714
2526,32,17,1612.5,0.8527
2527,32,18,error,error
2528,32,19,571.76,0.66
2529,32,20,887.78,0.8314
2530,32,21,2526.21,0.4592
2531,32,22,1425.13,0.8325
2532,32,23,2333.94,0.8815
2533,32,24,898.96,0.7755
2534,32,25,1252.0,0.8457
2535,32,26,1118.93,0.8035
2536,32,27,error,error
2537,32,28,107.92,0.7982
2538,32,29,464.9,0.857
2539,32,30,809.98,0.6864
2540,32,31,936.66,0.602
2541,32,32,error,error
2542,32,33,842.51,0.7566
2543,32,34,1932.56,0.8307
2544,32,35,error,error
2545,32,36,2677.44,-0.8483
2546,32,37,640.54,0.763
2547,32,38,error,error
2548,32,40,2078.14,0.9654
2549,32,41,1648.13,0.5664
2550,32,42,error,error
2551,32,44,550.24,0.8755
2552,32,45,error,error
2553,32,46,1540.18,0.9472
2554,32,47,error,error
2555,32,48,error,error
2556,32,49,1211.34,0.7498
2557,32,51,error,error
2558,32,52,421.11,0.8316
2559,32,54,error,error
2560,32,55,1540.11,0.7628
2561,32,56,3806.67,0.4667
2562,32,58,9792.3,-3.8265
2563,32,59,80.0,0.7374
2564,32,60,336.21,0.5134
2565,32,67,3612.72,0.6102
2566,32,71,1130.14,0.7738
2567,32,72,7227.26,0.8245
2568,32,74,1600.33,0.8966
2569,32,77,error,error
2570,32,78,error,error
2571,32,79,1956.73,0.8679
2572,32,80,2430.79,0.8658
2573,32,81,750.79,0.9548
2574,32,82,2601.66,0.8547
2575,32,83,error,error
2576,32,85,742.03,0.5902
2577,32,87,1213.2,0.8558
2578,32,90,3564.53,0.9417
2579,32,91,1752.33,0.9628
2580,32,92,5120.03,0.9489
2581,32,93,1866.08,0.9415
2582,32,94,6082.09,0.879
2583,32,95,3402.13,0.9609
2584,32,96,557.97,0.7842
2585,32,97,error,error
2586,32,98,816.75,0.8931
2587,32,99,error,error
2588,32,39,error,error
2589,32,50,error,error
2590,32,43,error,error
2591,32,65,error,error
2592,33,1,1908.0,0.3284
2593,33,2,624.43,0.9249
2594,33,3,368872.46,-823.4392
2595,33,4,641.51,0.9035
2596,33,5,error,error
2597,33,6,error,error
2598,33,7,1827.82,-2.9053
2599,33,8,443.03,0.9018
2600,33,9,error,error
2601,33,10,62.07,0.5262
2602,33,11,422468.52,-2006.1117
2603,33,12,error,error
2604,33,13,623.64,0.9177
2605,33,14,212.19,0.7261
2606,33,16,573.37,-0.8562
2607,33,17,77.59,0.6622
2608,33,18,error,error
2609,33,19,error,error
2610,33,20,error,error
2611,33,21,50.9,0.602
2612,33,22,error,error
2613,33,23,error,error
2614,33,24,error,error
2615,33,25,error,error
2616,33,26,586.43,-3.1464
2617,33,27,error,error
2618,33,28,error,error
2619,33,29,error,error
2620,33,30,error,error
2621,33,31,error,error
2622,33,32,error,error
2623,33,33,error,error
2624,33,34,error,error
2625,33,35,error,error
2626,33,36,error,error
2627,33,37,error,error
2628,33,38,error,error
2629,33,40,654.45,0.9083
2630,33,41,error,error
2631,33,42,error,error
2632,33,44,error,error
2633,33,45,error,error
2634,33,46,259.63,0.8764
2635,33,47,error,error
2636,33,48,error,error
2637,33,49,error,error
2638,33,51,error,error
2639,33,52,error,error
2640,33,54,error,error
2641,33,55,error,error
2642,33,56,error,error
2643,33,58,error,error
2644,33,59,error,error
2645,33,60,39.37,0.6223
2646,33,67,223.1,0.7061
2647,33,71,error,error
2648,33,72,error,error
2649,33,74,82.74,0.7627
2650,33,77,error,error
2651,33,78,error,error
2652,33,79,1595.39,0.8711
2653,33,80,1242.83,0.817
2654,33,81,565.56,0.939
2655,33,82,326.77,0.9051
2656,33,83,1329.17,0.2604
2657,33,85,error,error
2658,33,87,error,error
2659,33,90,4221.88,0.8354
2660,33,91,1165.72,0.8986
2661,33,92,4421.4,0.8694
2662,33,93,4995.56,0.739
2663,33,94,10755.65,0.5793
2664,33,95,2246.66,0.9264
2665,33,96,949.01,0.9144
2666,33,97,639.84,0.887
2667,33,98,2403.01,0.6233
2668,33,99,error,error
2669,33,39,error,error
2670,33,50,error,error
2671,33,43,error,error
2672,33,65,error,error
2673,34,1,6395.68,0.6563
2674,34,2,2478.12,0.9283
2675,34,3,1706.35,0.8176
2676,34,4,1394.1,0.932
2677,34,5,5602.64,0.6658
2678,34,6,1037.29,0.6191
2679,34,7,2822.51,0.8266
2680,34,8,1809.55,0.9341
2681,34,9,3405.69,0.8258
2682,34,10,2345.32,0.8741
2683,34,11,3461.88,0.7744
2684,34,12,error,error
2685,34,13,1664.86,0.9309
2686,34,14,1070.33,0.8875
2687,34,16,error,error
2688,34,17,951.1,0.8553
2689,34,18,error,error
2690,34,19,error,error
2691,34,20,568.98,0.7982
2692,34,21,626.96,0.8434
2693,34,22,928.69,0.8317
2694,34,23,1124.27,0.9089
2695,34,24,621.28,0.7764
2696,34,25,791.88,0.8584
2697,34,26,795.53,0.806
2698,34,27,132.99,0.7884
2699,34,28,65.56,0.6758
2700,34,29,462.01,0.7592
2701,34,30,304.81,0.8417
2702,34,31,340.37,0.6249
2703,34,32,1774.81,0.5784
2704,34,33,870.86,0.7322
2705,34,34,1280.93,0.823
2706,34,35,504.61,0.6602
2707,34,36,497.7,0.3535
2708,34,37,323.35,0.8624
2709,34,38,4973.99,0.8942
2710,34,40,1622.51,0.9555
2711,34,41,error,error
2712,34,42,1662.21,0.6337
2713,34,44,1150.5,0.6602
2714,34,45,error,error
2715,34,46,1675.4,0.9006
2716,34,47,error,error
2717,34,48,error,error
2718,34,49,1540.14,0.5507
2719,34,51,error,error
2720,34,52,314.48,0.7441
2721,34,54,error,error
2722,34,55,1917.64,0.7323
2723,34,56,40978.44,-7.7077
2724,34,58,error,error
2725,34,59,81.2,0.6265
2726,34,60,error,error
2727,34,67,2104.24,0.7106
2728,34,71,error,error
2729,34,72,error,error
2730,34,74,605.81,0.9177
2731,34,77,error,error
2732,34,78,error,error
2733,34,79,1572.77,0.8947
2734,34,80,1802.54,0.8485
2735,34,81,1781.99,0.8962
2736,34,82,1809.14,0.8934
2737,34,83,463.74,0.8438
2738,34,85,385.01,0.7692
2739,34,87,1416.3,0.8186
2740,34,90,1931.52,0.9574
2741,34,91,1817.48,0.9497
2742,34,92,3750.21,0.9473
2743,34,93,1564.68,0.9526
2744,34,94,error,error
2745,34,95,5775.84,0.9206
2746,34,96,1178.27,0.9423
2747,34,97,983.69,0.9473
2748,34,98,930.11,0.8763
2749,34,99,error,error
2750,34,39,error,error
2751,34,50,error,error
2752,34,43,error,error
2753,34,65,19822.27,0.5898
2754,35,1,6494.71,0.5635
2755,35,2,9340.79,0.8012
2756,35,3,16209.34,0.0783
2757,35,4,5958.36,0.6757
2758,35,5,5270.7,0.6798
2759,35,6,1603.49,0.6152
2760,35,7,23023.78,0.0622
2761,35,8,3946.32,0.7793
2762,35,9,5203.48,0.6846
2763,35,10,2045.72,0.8584
2764,35,11,9790.04,0.4882
2765,35,12,513.26,0.7508
2766,35,13,8502.83,0.7323
2767,35,14,7956.75,0.6847
2768,35,16,7161.44,0.0084
2769,35,17,2317.82,0.8432
2770,35,18,error,error
2771,35,19,error,error
2772,35,20,1505.88,0.8638
2773,35,21,435.25,0.865
2774,35,22,2927.48,0.849
2775,35,23,5902.95,0.8429
2776,35,24,4981.35,0.5335
2777,35,25,1537.07,0.8927
2778,35,26,2303.64,0.812
2779,35,27,221.25,0.8492
2780,35,28,error,error
2781,35,29,1652.35,0.7891
2782,35,30,625.63,0.8882
2783,35,31,1491.54,0.6521
2784,35,32,4894.0,0.2232
2785,35,33,2808.2,0.7163
2786,35,34,5189.03,0.8137
2787,35,35,602.24,0.7839
2788,35,36,4261.24,-0.368
2789,35,37,error,error
2790,35,38,5354.91,0.8541
2791,35,40,10276.72,0.7106
2792,35,41,18502.72,-11.2334
2793,35,42,1013.78,0.8658
2794,35,44,394.7,0.7785
2795,35,45,error,error
2796,35,46,3884.92,0.7647
2797,35,47,error,error
2798,35,48,error,error
2799,35,49,error,error
2800,35,51,error,error
2801,35,52,550.73,0.6286
2802,35,54,error,error
2803,35,55,2587.83,0.6395
2804,35,56,error,error
2805,35,58,error,error
2806,35,59,error,error
2807,35,60,47.66,0.4006
2808,35,67,2037.14,0.6187
2809,35,71,2967.07,0.7213
2810,35,72,37895.03,0.4544
2811,35,74,3039.45,0.848
2812,35,77,error,error
2813,35,78,error,error
2814,35,79,5827.43,0.7613
2815,35,80,error,error
2816,35,81,1565.11,0.7594
2817,35,82,3877.39,0.6458
2818,35,83,32181.22,-17.9974
2819,35,85,429.77,0.7434
2820,35,87,5088.92,0.5983
2821,35,90,2223.25,0.8272
2822,35,91,2021.65,0.7152
2823,35,92,7659.38,0.7739
2824,35,93,699.33,0.5781
2825,35,94,error,error
2826,35,95,7881.91,0.8181
2827,35,96,error,error
2828,35,97,1612.74,0.5507
2829,35,98,error,error
2830,35,99,error,error
2831,35,39,error,error
2832,35,50,error,error
2833,35,43,error,error
2834,35,65,error,error
2835,36,1,476.57,0.7892
2836,36,2,685.44,0.945
2837,36,3,643.38,-0.2145
2838,36,4,1257.45,0.8449
2839,36,5,error,error
2840,36,6,error,error
2841,36,7,181.74,0.5935
2842,36,8,625.59,0.8104
2843,36,9,error,error
2844,36,10,2220.58,-8.0802
2845,36,11,error,error
2846,36,12,error,error
2847,36,13,495.44,0.9549
2848,36,14,226.28,0.8255
2849,36,16,180.69,0.6704
2850,36,17,62.03,0.744
2851,36,18,error,error
2852,36,19,error,error
2853,36,20,error,error
2854,36,21,37.29,0.8039
2855,36,22,error,error
2856,36,23,error,error
2857,36,24,error,error
2858,36,25,error,error
2859,36,26,776.76,-3.0165
2860,36,27,error,error
2861,36,28,error,error
2862,36,29,error,error
2863,36,30,error,error
2864,36,31,error,error
2865,36,32,error,error
2866,36,33,error,error
2867,36,34,error,error
2868,36,35,error,error
2869,36,36,error,error
2870,36,37,error,error
2871,36,38,error,error
2872,36,40,700.52,0.9301
2873,36,41,error,error
2874,36,42,error,error
2875,36,44,error,error
2876,36,45,error,error
2877,36,46,331.7,0.8542
2878,36,47,error,error
2879,36,48,error,error
2880,36,49,error,error
2881,36,51,error,error
2882,36,52,error,error
2883,36,54,error,error
2884,36,55,error,error
2885,36,56,error,error
2886,36,58,error,error
2887,36,59,error,error
2888,36,60,100.26,0.0936
2889,36,67,170.59,0.6961
2890,36,71,error,error
2891,36,72,error,error
2892,36,74,185.07,0.6429
2893,36,77,error,error
2894,36,78,error,error
2895,36,79,2971.5,0.8084
2896,36,80,1095.37,0.9318
2897,36,81,913.07,0.912
2898,36,82,682.73,0.8592
2899,36,83,855.25,0.5741
2900,36,85,error,error
2901,36,87,error,error
2902,36,90,1420.15,0.9491
2903,36,91,807.15,0.9166
2904,36,92,2142.23,0.936
2905,36,93,2943.69,0.8116
2906,36,94,4850.43,0.8552
2907,36,95,10324.35,0.7114
2908,36,96,3785.82,0.7368
2909,36,97,1586.5,0.7066
2910,36,98,706.02,0.8812
2911,36,99,error,error
2912,36,39,error,error
2913,36,50,error,error
2914,36,43,error,error
2915,36,65,error,error
2916,37,1,2050.7,0.8116
2917,37,2,1073.46,0.9373
2918,37,3,692.35,0.4952
2919,37,4,870.67,0.9508
2920,37,5,489.66,0.4949
2921,37,6,error,error
2922,37,7,325.74,0.6286
2923,37,8,1234.8,0.9268
2924,37,9,error,error
2925,37,10,error,error
2926,37,11,345.66,0.8012
2927,37,12,107.17,0.5566
2928,37,13,918.1,0.9462
2929,37,14,244.52,0.8231
2930,37,16,369.16,0.8456
2931,37,17,254.38,0.2838
2932,37,18,error,error
2933,37,19,error,error
2934,37,20,error,error
2935,37,21,336.99,0.8042
2936,37,22,error,error
2937,37,23,error,error
2938,37,24,error,error
2939,37,25,39.11,0.5541
2940,37,26,error,error
2941,37,27,error,error
2942,37,28,35.31,0.5796
2943,37,29,error,error
2944,37,30,error,error
2945,37,31,error,error
2946,37,32,error,error
2947,37,33,error,error
2948,37,34,error,error
2949,37,35,error,error
2950,37,36,error,error
2951,37,37,error,error
2952,37,38,8242.01,0.8735
2953,37,40,error,error
2954,37,41,error,error
2955,37,42,77.14,0.437
2956,37,44,error,error
2957,37,45,error,error
2958,37,46,884.26,0.9004
2959,37,47,error,error
2960,37,48,error,error
2961,37,49,error,error
2962,37,51,error,error
2963,37,52,234583036144.39,-7508672386.4032
2964,37,54,error,error
2965,37,55,error,error
2966,37,56,error,error
2967,37,58,error,error
2968,37,59,195.19,-1.3073
2969,37,60,147.03,0.792
2970,37,67,777.56,0.7038
2971,37,71,error,error
2972,37,72,error,error
2973,37,74,211.47,0.711
2974,37,77,error,error
2975,37,78,error,error
2976,37,79,857.03,0.887
2977,37,80,601.93,0.9459
2978,37,81,408.21,0.9621
2979,37,82,885.52,0.8581
2980,37,83,310.73,0.8659
2981,37,85,error,error
2982,37,87,256.46,0.7941
2983,37,90,3426.99,0.9231
2984,37,91,1484.76,0.9526
2985,37,92,1826.68,0.9692
2986,37,93,1310.23,0.9426
2987,37,94,2423.06,0.9303
2988,37,95,2378.79,0.9555
2989,37,96,1102.54,0.9471
2990,37,97,619.2,0.9561
2991,37,98,609.54,0.8773
2992,37,99,error,error
2993,37,39,error,error
2994,37,50,error,error
2995,37,43,error,error
2996,37,65,error,error
2997,38,1,3682.97,0.5048
2998,38,2,error,error
2999,38,3,605.67,-0.1005
3000,38,4,1459.84,0.8736
3001,38,5,1011.84,-2.6293
3002,38,6,error,error
3003,38,7,313.93,0.2232
3004,38,8,665.25,0.9354
3005,38,9,59.0,0.425
3006,38,10,88.16,0.7622
3007,38,11,413.18,0.4699
3008,38,12,88.63,-0.3022
3009,38,13,686.32,0.9354
3010,38,14,222.11,0.767
3011,38,16,222.36,0.7444
3012,38,17,414.64,0.0783
3013,38,18,error,error
3014,38,19,error,error
3015,38,20,error,error
3016,38,21,149.24,0.8528
3017,38,22,error,error
3018,38,23,error,error
3019,38,24,error,error
3020,38,25,error,error
3021,38,26,error,error
3022,38,27,error,error
3023,38,28,24.9,0.6114
3024,38,29,error,error
3025,38,30,error,error
3026,38,31,error,error
3027,38,32,error,error
3028,38,33,error,error
3029,38,34,error,error
3030,38,35,error,error
3031,38,36,error,error
3032,38,37,error,error
3033,38,38,14426.6,0.8053
3034,38,40,1074.81,0.9377
3035,38,41,error,error
3036,38,42,47.66,0.5713
3037,38,44,error,error
3038,38,45,error,error
3039,38,46,error,error
3040,38,47,error,error
3041,38,48,error,error
3042,38,49,error,error
3043,38,51,error,error
3044,38,52,21.3,-0.1963
3045,38,54,error,error
3046,38,55,error,error
3047,38,56,error,error
3048,38,58,error,error
3049,38,59,error,error
3050,38,60,137.41,0.6433
3051,38,67,356.77,0.5815
3052,38,71,error,error
3053,38,72,117.92,0.4779
3054,38,74,240.0,0.3991
3055,38,77,error,error
3056,38,78,error,error
3057,38,79,804.58,0.9124
3058,38,80,663.96,0.9424
3059,38,81,540.55,0.9511
3060,38,82,1241.95,0.7929
3061,38,83,356.49,0.8584
3062,38,85,error,error
3063,38,87,242.07,0.6506
3064,38,90,3383.61,0.9093
3065,38,91,2705.84,0.9025
3066,38,92,4951.53,0.8977
3067,38,93,3388.3,0.8338
3068,38,94,2074.43,0.9143
3069,38,95,3388.32,0.9269
3070,38,96,931.42,0.9322
3071,38,97,749.08,0.9287
3072,38,98,error,error
3073,38,99,error,error
3074,38,39,error,error
3075,38,50,error,error
3076,38,43,error,error
3077,38,65,error,error
3078,39,1,14757.4,0.3536
3079,39,2,6919.29,0.9073
3080,39,3,error,error
3081,39,4,3229.05,0.9354
3082,39,5,error,error
3083,39,6,1595.74,0.5387
3084,39,7,12807.56,0.6716
3085,39,8,1919.98,0.9507
3086,39,9,error,error
3087,39,10,2206.23,0.8783
3088,39,11,2212.28,0.9054
3089,39,12,538.53,0.8999
3090,39,13,4574.88,0.9242
3091,39,14,2193.09,0.9001
3092,39,16,13577.79,0.5633
3093,39,17,1366.53,0.886
3094,39,18,error,error
3095,39,19,error,error
3096,39,20,1097.1,0.8803
3097,39,21,1412.68,0.8005
3098,39,22,1718.23,0.8751
3099,39,23,2237.88,0.8952
3100,39,24,1958.53,0.7437
3101,39,25,1398.41,0.832
3102,39,26,1637.62,0.8409
3103,39,27,292.05,0.7976
3104,39,28,135.67,0.7426
3105,39,29,1541.0,0.756
3106,39,30,626.45,0.8601
3107,39,31,error,error
3108,39,32,857.75,0.8555
3109,39,33,1030.88,0.8641
3110,39,34,1865.69,0.9023
3111,39,35,410.8,0.7947
3112,39,36,957.7,0.6567
3113,39,37,error,error
3114,39,38,8653.27,0.8222
3115,39,40,2654.77,0.9602
3116,39,41,1592.3,-0.1961
3117,39,42,1316.16,0.6874
3118,39,44,520.25,0.8841
3119,39,45,error,error
3120,39,46,3049.53,0.9208
3121,39,47,error,error
3122,39,48,error,error
3123,39,49,1968.33,0.7741
3124,39,51,error,error
3125,39,52,532.04,0.7191
3126,39,54,error,error
3127,39,55,1434.9,0.8297
3128,39,56,3877.32,-0.2636
3129,39,58,5119.32,-0.3515
3130,39,59,74.63,0.7271
3131,39,60,error,error
3132,39,67,error,error
3133,39,71,1749.4,0.7646
3134,39,72,13468.06,0.7282
3135,39,74,1506.45,0.9376
3136,39,77,error,error
3137,39,78,error,error
3138,39,79,error,error
3139,39,80,874.03,0.9322
3140,39,81,1254.95,0.9385
3141,39,82,6835.77,0.7166
3142,39,83,906.16,0.8526
3143,39,85,567.98,0.6505
3144,39,87,1530.82,0.8194
3145,39,90,6649.83,0.9212
3146,39,91,3033.72,0.9523
3147,39,92,11011.49,0.9096
3148,39,93,3088.83,0.9296
3149,39,94,4066.15,0.9385
3150,39,95,6953.38,0.9393
3151,39,96,5965.37,0.7963
3152,39,97,1520.46,0.9406
3153,39,98,1201.03,0.8822
3154,39,99,error,error
3155,39,39,error,error
3156,39,50,error,error
3157,39,43,error,error
3158,39,65,error,error
3159,40,1,7911.05,0.5493
3160,40,2,2769.18,0.8978
3161,40,3,946.34,0.8575
3162,40,4,1679.39,0.9351
3163,40,5,3201.37,0.7543
3164,40,6,724.99,0.7639
3165,40,7,4314.87,0.741
3166,40,8,1943.01,0.945
3167,40,9,14690.81,0.3805
3168,40,10,error,error
3169,40,11,7458.92,0.4428
3170,40,12,742.96,0.858
3171,40,13,2685.57,0.8774
3172,40,14,1739.14,0.8439
3173,40,16,6282.42,0.6537
3174,40,17,804.94,0.8842
3175,40,18,error,error
3176,40,19,error,error
3177,40,20,882.4,0.7524
3178,40,21,739.98,0.8799
3179,40,22,2526.72,0.5826
3180,40,23,2388.88,0.8344
3181,40,24,1568.83,0.4652
3182,40,25,3938.12,0.4227
3183,40,26,535.24,0.8695
3184,40,27,234.33,0.7369
3185,40,28,237.48,0.1228
3186,40,29,485.23,0.8403
3187,40,30,473.33,0.8214
3188,40,31,343.42,0.7066
3189,40,32,703.03,0.8309
3190,40,33,703.67,0.7828
3191,40,34,1483.7,0.805
3192,40,35,600.13,0.7004
3193,40,36,error,error
3194,40,37,1226.48,0.4383
3195,40,38,6351.39,0.8337
3196,40,40,1730.51,0.9509
3197,40,41,2145.81,-5.0945
3198,40,42,error,error
3199,40,44,310.14,0.8982
3200,40,45,error,error
3201,40,46,2344.03,0.7493
3202,40,47,error,error
3203,40,48,error,error
3204,40,49,error,error
3205,40,51,error,error
3206,40,52,283.92,0.6888
3207,40,54,error,error
3208,40,55,1140.6,0.7955
3209,40,56,2211.32,0.5943
3210,40,58,error,error
3211,40,59,error,error
3212,40,60,64.25,0.5609
3213,40,67,1802.45,0.7624
3214,40,71,1018.86,0.4579
3215,40,72,4706.38,0.8513
3216,40,74,1022.31,0.8996
3217,40,77,error,error
3218,40,78,error,error
3219,40,79,1552.51,0.882
3220,40,80,1402.42,0.9146
3221,40,81,1404.65,0.9328
3222,40,82,2644.37,0.8162
3223,40,83,349.72,0.8685
3224,40,85,548.55,0.6857
3225,40,87,3382.14,0.8636
3226,40,90,9082.22,0.8531
3227,40,91,3852.89,0.9104
3228,40,92,18283.85,0.818
3229,40,93,4374.6,0.8508
3230,40,94,2968.08,0.9241
3231,40,95,error,error
3232,40,96,1332.12,0.9196
3233,40,97,1697.71,0.9032
3234,40,98,1950.84,0.7395
3235,40,99,error,error
3236,40,39,error,error
3237,40,50,error,error
3238,40,43,error,error
3239,40,65,error,error
3240,41,1,9318.03,0.6138
3241,41,2,3155.1,0.939
3242,41,3,5638.19,0.733
3243,41,4,2303.43,0.9322
3244,41,5,4729.58,0.7747
3245,41,6,1255.61,0.727
3246,41,7,5352.09,0.8425
3247,41,8,1915.96,0.9455
3248,41,9,error,error
3249,41,10,2021.23,0.884
3250,41,11,2561.22,0.8315
3251,41,12,490.66,0.8994
3252,41,13,1914.39,0.9454
3253,41,14,2257.5,0.8706
3254,41,16,13735.46,0.4801
3255,41,17,1356.22,0.8906
3256,41,18,error,error
3257,41,19,error,error
3258,41,20,1112.67,0.8102
3259,41,21,740.99,0.8485
3260,41,22,1428.25,0.8631
3261,41,23,2056.67,0.9017
3262,41,24,1096.82,0.7903
3263,41,25,1160.88,0.866
3264,41,26,1209.88,0.8152
3265,41,27,612.97,0.5729
3266,41,28,133.31,0.7047
3267,41,29,519.71,0.8847
3268,41,30,703.57,0.7889
3269,41,31,876.26,0.6297
3270,41,32,917.51,0.8434
3271,41,33,1122.4,0.7993
3272,41,34,3060.71,0.7891
3273,41,35,821.3,0.6637
3274,41,36,1210.91,0.1893
3275,41,37,error,error
3276,41,38,8140.15,0.8451
3277,41,40,2937.8,0.9507
3278,41,41,1523.6,0.3722
3279,41,42,error,error
3280,41,44,802.74,0.8291
3281,41,45,error,error
3282,41,46,1470.22,0.9528
3283,41,47,error,error
3284,41,48,error,error
3285,41,49,2696.83,0.6277
3286,41,51,error,error
3287,41,52,1675.75,0.2453
3288,41,54,error,error
3289,41,55,error,error
3290,41,56,7224.79,0.373
3291,41,58,3583.12,0.4838
3292,41,59,367.79,0.0231
3293,41,60,190.65,0.6167
3294,41,67,error,error
3295,41,71,1010.68,0.82
3296,41,72,5956.94,0.8801
3297,41,74,1615.86,0.9183
3298,41,77,error,error
3299,41,78,error,error
3300,41,79,error,error
3301,41,80,1067.23,0.9445
3302,41,81,730.31,0.9657
3303,41,82,3057.43,0.8477
3304,41,83,359.35,0.9029
3305,41,85,1044.74,0.5338
3306,41,87,error,error
3307,41,90,3343.44,0.9556
3308,41,91,2393.26,0.9566
3309,41,92,6273.88,0.9495
3310,41,93,3374.95,0.9145
3311,41,94,3683.51,0.9303
3312,41,95,14453.86,0.8541
3313,41,96,457.17,0.8721
3314,41,97,1193.98,0.9448
3315,41,98,1119.82,0.8864
3316,41,99,error,error
3317,41,39,error,error
3318,41,50,error,error
3319,41,43,error,error
3320,41,65,error,error
3321,42,1,2392.98,0.7608
3322,42,2,1256.41,0.9234
3323,42,3,545.38,0.3667
3324,42,4,899.47,0.9408
3325,42,5,286.98,0.5407
3326,42,6,error,error
3327,42,7,910.13,-0.2186
3328,42,8,error,error
3329,42,9,87.74,0.5654
3330,42,10,74.95,0.8323
3331,42,11,198.69,0.777
3332,42,12,100.45,0.0529
3333,42,13,error,error
3334,42,14,274.57,0.7964
3335,42,16,140.42,0.8736
3336,42,17,135.18,0.7579
3337,42,18,error,error
3338,42,19,error,error
3339,42,20,error,error
3340,42,21,239.44,0.7877
3341,42,22,error,error
3342,42,23,error,error
3343,42,24,error,error
3344,42,25,152.46,-0.5183
3345,42,26,error,error
3346,42,27,error,error
3347,42,28,21.87,0.5446
3348,42,29,error,error
3349,42,30,error,error
3350,42,31,error,error
3351,42,32,error,error
3352,42,33,error,error
3353,42,34,error,error
3354,42,35,error,error
3355,42,36,error,error
3356,42,37,error,error
3357,42,38,error,error
3358,42,40,1281.08,0.9365
3359,42,41,error,error
3360,42,42,54.82,0.714
3361,42,44,error,error
3362,42,45,error,error
3363,42,46,1275.65,0.7973
3364,42,47,error,error
3365,42,48,error,error
3366,42,49,error,error
3367,42,51,error,error
3368,42,52,10.95,0.5588
3369,42,54,error,error
3370,42,55,error,error
3371,42,56,error,error
3372,42,58,error,error
3373,42,59,30.84,0.2965
3374,42,60,99.46,0.6405
3375,42,67,error,error
3376,42,71,error,error
3377,42,72,error,error
3378,42,74,error,error
3379,42,77,error,error
3380,42,78,error,error
3381,42,79,2074.32,0.8414
3382,42,80,1085.03,0.9237
3383,42,81,1171.6,0.9284
3384,42,82,2639.25,0.6415
3385,42,83,532.6,0.86
3386,42,85,error,error
3387,42,87,error,error
3388,42,90,5967.73,0.8894
3389,42,91,8623.51,0.801
3390,42,92,8466.49,0.8998
3391,42,93,3334.5,0.9001
3392,42,94,2205.2,0.9422
3393,42,95,10421.99,0.8366
3394,42,96,1059.5,0.9351
3395,42,97,1746.46,0.9029
3396,42,98,1221.89,0.7889
3397,42,99,error,error
3398,42,39,error,error
3399,42,50,error,error
3400,42,43,error,error
3401,42,65,error,error
3402,43,1,9576.01,-0.543
3403,43,2,3883.85,0.8061
3404,43,3,1305.24,-0.151
3405,43,4,1583.3,0.9087
3406,43,5,error,error
3407,43,6,error,error
3408,43,7,180.39,0.6471
3409,43,8,589.49,0.9544
3410,43,9,298.88,-0.1691
3411,43,10,94.28,0.8018
3412,43,11,error,error
3413,43,12,28.32,0.6178
3414,43,13,823.6,0.9529
3415,43,14,error,error
3416,43,16,591.37,0.775
3417,43,17,250.76,0.3953
3418,43,18,error,error
3419,43,19,error,error
3420,43,20,error,error
3421,43,21,161.31,0.894
3422,43,22,error,error
3423,43,23,error,error
3424,43,24,error,error
3425,43,25,error,error
3426,43,26,error,error
3427,43,27,error,error
3428,43,28,error,error
3429,43,29,error,error
3430,43,30,error,error
3431,43,31,error,error
3432,43,32,error,error
3433,43,33,error,error
3434,43,34,error,error
3435,43,35,error,error
3436,43,36,error,error
3437,43,37,error,error
3438,43,38,16560.46,0.7282
3439,43,40,2598.48,0.8493
3440,43,41,error,error
3441,43,42,40.6,0.7729
3442,43,44,error,error
3443,43,45,error,error
3444,43,46,2379.29,0.6253
3445,43,47,error,error
3446,43,48,error,error
3447,43,49,error,error
3448,43,51,error,error
3449,43,52,error,error
3450,43,54,error,error
3451,43,55,error,error
3452,43,56,error,error
3453,43,58,error,error
3454,43,59,error,error
3455,43,60,error,error
3456,43,67,676.4,0.4919
3457,43,71,error,error
3458,43,72,error,error
3459,43,74,299.07,0.6319
3460,43,77,error,error
3461,43,78,error,error
3462,43,79,22057.02,-0.775
3463,43,80,error,error
3464,43,81,692.67,0.9642
3465,43,82,573.24,0.9282
3466,43,83,705.81,0.8448
3467,43,85,error,error
3468,43,87,error,error
3469,43,90,5733.44,0.906
3470,43,91,2778.38,0.9185
3471,43,92,7491.48,0.9067
3472,43,93,2817.39,0.921
3473,43,94,6708.52,0.8675
3474,43,95,6713.83,0.9077
3475,43,96,1647.12,0.936
3476,43,97,1337.99,0.9302
3477,43,98,error,error
3478,43,99,error,error
3479,43,39,error,error
3480,43,50,error,error
3481,43,43,error,error
3482,43,65,error,error
3483,44,1,1774.81,0.7915
3484,44,2,1415.71,0.8653
3485,44,3,335.24,0.5161
3486,44,4,498.01,0.9394
3487,44,5,516.78,0.5469
3488,44,6,error,error
3489,44,7,715.41,-0.3742
3490,44,8,415.4,0.9217
3491,44,9,error,error
3492,44,10,109.49,-0.2882
3493,44,11,146.24,0.6989
3494,44,12,49.7,0.4984
3495,44,13,504.94,0.9366
3496,44,14,246.34,0.7106
3497,44,16,2463.28,-1.6316
3498,44,17,87.05,0.7052
3499,44,18,error,error
3500,44,19,error,error
3501,44,20,error,error
3502,44,21,102.53,0.8856
3503,44,22,error,error
3504,44,23,error,error
3505,44,24,error,error
3506,44,25,59.27,-0.5731
3507,44,26,error,error
3508,44,27,error,error
3509,44,28,36.59,0.4713
3510,44,29,error,error
3511,44,30,error,error
3512,44,31,error,error
3513,44,32,error,error
3514,44,33,error,error
3515,44,34,error,error
3516,44,35,error,error
3517,44,36,error,error
3518,44,37,error,error
3519,44,38,error,error
3520,44,40,1157.83,0.9292
3521,44,41,error,error
3522,44,42,error,error
3523,44,44,error,error
3524,44,45,error,error
3525,44,46,1124.27,0.8051
3526,44,47,error,error
3527,44,48,error,error
3528,44,49,error,error
3529,44,51,error,error
3530,44,52,44.97,-2.1794
3531,44,54,error,error
3532,44,55,error,error
3533,44,56,error,error
3534,44,58,error,error
3535,44,59,error,error
3536,44,60,151.06,0.5821
3537,44,67,error,error
3538,44,71,error,error
3539,44,72,error,error
3540,44,74,error,error
3541,44,77,error,error
3542,44,78,error,error
3543,44,79,514.21,0.8961
3544,44,80,361.25,0.936
3545,44,81,error,error
3546,44,82,2523.28,0.4306
3547,44,83,156.92,0.821
3548,44,85,error,error
3549,44,87,355.28,-0.0018
3550,44,90,1333.71,0.9606
3551,44,91,1026.39,0.9478
3552,44,92,2424.95,0.945
3553,44,93,735.56,0.943
3554,44,94,3089.71,0.8858
3555,44,95,2024.34,0.9431
3556,44,96,396.05,0.8688
3557,44,97,408.6,0.9443
3558,44,98,404.15,0.8825
3559,44,99,error,error
3560,44,39,error,error
3561,44,50,error,error
3562,44,43,error,error
3563,44,65,error,error
3564,45,1,7917.15,0.5015
3565,45,2,4964.46,0.8623
3566,45,3,2697.72,0.7529
3567,45,4,1835.38,0.9248
3568,45,5,4795.16,0.5787
3569,45,6,1625.26,0.3219
3570,45,7,4655.19,0.7618
3571,45,8,1851.21,0.9467
3572,45,9,9002.75,0.4832
3573,45,10,1818.94,0.8702
3574,45,11,7804.89,0.4781
3575,45,12,error,error
3576,45,13,2235.54,0.9178
3577,45,14,1649.98,0.8461
3578,45,16,964769.57,-43.1438
3579,45,17,1579.36,0.8373
3580,45,18,error,error
3581,45,19,374.4,0.7176
3582,45,20,error,error
3583,45,21,532.63,0.8616
3584,45,22,1176.16,0.8339
3585,45,23,3167.1,0.8538
3586,45,24,1599.84,0.7031
3587,45,25,2561.27,0.6864
3588,45,26,3746.28,0.432
3589,45,27,350.39,0.6424
3590,45,28,154.89,0.7121
3591,45,29,1314.09,0.6888
3592,45,30,796.97,0.7389
3593,45,31,627.66,0.747
3594,45,32,1573.83,0.6055
3595,45,33,1068.46,0.7938
3596,45,34,3251.73,0.797
3597,45,35,1582.33,0.3957
3598,45,36,1136.23,0.3452
3599,45,37,error,error
3600,45,38,6483.17,0.8834
3601,45,40,8720.99,0.7743
3602,45,41,1476.42,0.3781
3603,45,42,1146.21,0.7626
3604,45,44,544.89,0.787
3605,45,45,error,error
3606,45,46,1984.79,0.857
3607,45,47,error,error
3608,45,48,error,error
3609,45,49,error,error
3610,45,51,error,error
3611,45,52,319.42,0.7485
3612,45,54,error,error
3613,45,55,error,error
3614,45,56,4492.5,0.0483
3615,45,58,error,error
3616,45,59,2335.9,-13.1418
3617,45,60,95.95,0.5075
3618,45,67,2367.86,0.6236
3619,45,71,1480.95,0.5796
3620,45,72,10266.51,0.6414
3621,45,74,error,error
3622,45,77,error,error
3623,45,78,error,error
3624,45,79,1067.21,0.9285
3625,45,80,error,error
3626,45,81,1228.84,0.915
3627,45,82,2472.34,0.8154
3628,45,83,490.73,0.1747
3629,45,85,405.57,0.7691
3630,45,87,1427.99,0.8114
3631,45,90,2032.74,0.913
3632,45,91,1482.07,0.9095
3633,45,92,4029.5,0.9165
3634,45,93,1267.41,0.6157
3635,45,94,error,error
3636,45,95,5912.27,0.8896
3637,45,96,error,error
3638,45,97,726.87,0.8913
3639,45,98,error,error
3640,45,99,error,error
3641,45,39,error,error
3642,45,50,error,error
3643,45,43,error,error
3644,45,65,error,error
